<?xml version="1.0" encoding="UTF-8"?>
<metadata xml:lang="ko"><Esri><CreaDate>20210526</CreaDate><CreaTime>17470700</CreaTime><ArcGISFormat>1.0</ArcGISFormat><SyncOnce>FALSE</SyncOnce><DataProperties><lineage><Process ToolSource="c:\program files (x86)\arcgis\desktop10.4\ArcToolbox\Toolboxes\Data Management Tools.tbx\CalculateField" Date="20191219" Time="151638">CalculateField UPIS_C_UQ158 EXCUT_SE "EMA0009" VB #</Process><Process ToolSource="c:\program files\arcgis\desktop10.6\ArcToolbox\Toolboxes\Data Management Tools.tbx\TruncateTable" Date="20200729" Time="113835">TruncateTable "Database Connections\Connection to SUPIS_SUPISDB.sde\SUPISDB.UPIS_C_UQ158"</Process><Process ToolSource="c:\program files\arcgis\desktop10.6\ArcToolbox\Toolboxes\Data Management Tools.tbx\TruncateTable" Date="20200813" Time="110257">TruncateTable "Database Connections\Connection to SUPIS_SUPISDB.sde\SUPISDB.UPIS_C_UQ158"</Process><Process ToolSource="c:\program files (x86)\arcgis\desktop10.6\ArcToolbox\Toolboxes\Data Management Tools.tbx\TruncateTable" Date="20200903" Time="165137">TruncateTable SUPISDB.UPIS_C_UQ158</Process><Process ToolSource="c:\program files (x86)\arcgis\desktop10.6\ArcToolbox\Toolboxes\Conversion Tools.tbx\FeatureClassToFeatureClass" Date="20210514" Time="135946">FeatureClassToFeatureClass "Database Connections\Connection to sde.sde\SUPISDB.UPIS_C_UQ158" D:\_jisoo\도시계획포털운영\자료제공\layer_download UPIS_C_UQ158.shp "ATRB_SE IN ('UQY200',\n'UQY210',\n'UQY220',\n'UQY230',\n'UQY240',\n'UQY250',\n'UQY260',\n'UQY270',\n'UQY290',\n'UQY300',\n'UQY310',\n'UQY320',\n'UQY330',\n'UQY340',\n'UQY350',\n'UQY390',\n'UQY400',\n'UQY410',\n'UQY490',\n'UQY500',\n'UQY999',\n'UQY000')\n" "PRESENT_SN "PRESENT_SN" true true false 24 Text 0 0 ,First,#,Database Connections\Connection to sde.sde\SUPISDB.UPIS_C_UQ158,PRESENT_SN,-1,-1;LCLAS_CL "LCLAS_CL" true true false 6 Text 0 0 ,First,#,Database Connections\Connection to sde.sde\SUPISDB.UPIS_C_UQ158,LCLAS_CL,-1,-1;MLSFC_CL "MLSFC_CL" true true false 6 Text 0 0 ,First,#,Database Connections\Connection to sde.sde\SUPISDB.UPIS_C_UQ158,MLSFC_CL,-1,-1;SCLAS_CL "SCLAS_CL" true true false 6 Text 0 0 ,First,#,Database Connections\Connection to sde.sde\SUPISDB.UPIS_C_UQ158,SCLAS_CL,-1,-1;ATRB_SE "ATRB_SE" true true false 6 Text 0 0 ,First,#,Database Connections\Connection to sde.sde\SUPISDB.UPIS_C_UQ158,ATRB_SE,-1,-1;WTNNC_SN "WTNNC_SN" true true false 20 Text 0 0 ,First,#,Database Connections\Connection to sde.sde\SUPISDB.UPIS_C_UQ158,WTNNC_SN,-1,-1;NTFC_SN "NTFC_SN" true true false 20 Text 0 0 ,First,#,Database Connections\Connection to sde.sde\SUPISDB.UPIS_C_UQ158,NTFC_SN,-1,-1;DGM_NM "DGM_NM" true true false 50 Text 0 0 ,First,#,Database Connections\Connection to sde.sde\SUPISDB.UPIS_C_UQ158,DGM_NM,-1,-1;DGM_AR "DGM_AR" true true false 8 Double 8 38 ,First,#,Database Connections\Connection to sde.sde\SUPISDB.UPIS_C_UQ158,DGM_AR,-1,-1;DGM_LT "DGM_LT" true true false 8 Double 8 38 ,First,#,Database Connections\Connection to sde.sde\SUPISDB.UPIS_C_UQ158,DGM_LT,-1,-1;SIGNGU_SE "SIGNGU_SE" true true false 5 Text 0 0 ,First,#,Database Connections\Connection to sde.sde\SUPISDB.UPIS_C_UQ158,SIGNGU_SE,-1,-1;DRAWING_NO "DRAWING_NO" true true false 50 Text 0 0 ,First,#,Database Connections\Connection to sde.sde\SUPISDB.UPIS_C_UQ158,DRAWING_NO,-1,-1;EXCUT_SE "EXCUT_SE" true true false 7 Text 0 0 ,First,#,Database Connections\Connection to sde.sde\SUPISDB.UPIS_C_UQ158,EXCUT_SE,-1,-1;CREATE_DAT "CREATE_DAT" true true false 8 Date 0 0 ,First,#,Database Connections\Connection to sde.sde\SUPISDB.UPIS_C_UQ158,CREATE_DAT,-1,-1;SHAPE_AREA "SHAPE_AREA" false false true 0 Double 0 0 ,First,#,Database Connections\Connection to sde.sde\SUPISDB.UPIS_C_UQ158,SHAPE.AREA,-1,-1;SHAPE_LEN "SHAPE_LEN" false false true 0 Double 0 0 ,First,#,Database Connections\Connection to sde.sde\SUPISDB.UPIS_C_UQ158,SHAPE.LEN,-1,-1" #</Process><Process ToolSource="c:\program files (x86)\arcgis\desktop10.6\ArcToolbox\Toolboxes\Data Management Tools.tbx\Project" Date="20210526" Time="174709">Project UPIS_C_UQ158 D:\_jisoo\도시계획포털운영\자료제공\★layer_download\세계측지계(ITRF2000)\uq158.shp PROJCS['ITRF_2000_TM_Korea_Central_Belt',GEOGCS['GCS_ITRF_2000',DATUM['D_ITRF_2000',SPHEROID['GRS_1980',6378137.0,298.257222101]],PRIMEM['Greenwich',0.0],UNIT['Degree',0.0174532925199433]],PROJECTION['Transverse_Mercator'],PARAMETER['False_Easting',200000.0],PARAMETER['False_Northing',500000.0],PARAMETER['Central_Meridian',127.0],PARAMETER['Scale_Factor',1.0],PARAMETER['Latitude_Of_Origin',38.0],UNIT['Meter',1.0]] 'Korean_1985_To_WGS_1984_1 + ITRF_2000_To_WGS_1984' PROJCS['Korean_1985_Modified_Korea_Central_Belt',GEOGCS['GCS_Korean_Datum_1985',DATUM['D_Korean_Datum_1985',SPHEROID['Bessel_1841',6377397.155,299.1528128]],PRIMEM['Greenwich',0.0],UNIT['Degree',0.0174532925199433]],PROJECTION['Transverse_Mercator'],PARAMETER['False_Easting',200000.0],PARAMETER['False_Northing',500000.0],PARAMETER['Central_Meridian',127.0028902777778],PARAMETER['Scale_Factor',1.0],PARAMETER['Latitude_Of_Origin',38.0],UNIT['Meter',1.0]] NO_PRESERVE_SHAPE # NO_VERTICAL</Process></lineage><itemProps><itemName Sync="TRUE">UPIS_C_UQ158</itemName><imsContentType Sync="TRUE">002</imsContentType><itemLocation><linkage Sync="TRUE">file://\\박지수\D$\_jisoo\도시계획포털운영\자료제공\layer_download\UPIS_C_UQ158.shp</linkage><protocol Sync="TRUE">Local Area Network</protocol></itemLocation><itemSize Sync="TRUE">0.000</itemSize></itemProps><coordRef><type Sync="TRUE">Projected</type><geogcsn Sync="TRUE">GCS_Korean_Datum_1985</geogcsn><csUnits Sync="TRUE">Linear Unit: Meter (1.000000)</csUnits><projcsn Sync="TRUE">Korean_1985_Modified_Korea_Central_Belt</projcsn><peXml Sync="TRUE">&lt;ProjectedCoordinateSystem xsi:type='typens:ProjectedCoordinateSystem' xmlns:xsi='http://www.w3.org/2001/XMLSchema-instance' xmlns:xs='http://www.w3.org/2001/XMLSchema' xmlns:typens='http://www.esri.com/schemas/ArcGIS/10.6'&gt;&lt;WKT&gt;PROJCS[&amp;quot;Korean_1985_Modified_Korea_Central_Belt&amp;quot;,GEOGCS[&amp;quot;GCS_Korean_Datum_1985&amp;quot;,DATUM[&amp;quot;D_Korean_Datum_1985&amp;quot;,SPHEROID[&amp;quot;Bessel_1841&amp;quot;,6377397.155,299.1528128]],PRIMEM[&amp;quot;Greenwich&amp;quot;,0.0],UNIT[&amp;quot;Degree&amp;quot;,0.0174532925199433]],PROJECTION[&amp;quot;Transverse_Mercator&amp;quot;],PARAMETER[&amp;quot;False_Easting&amp;quot;,200000.0],PARAMETER[&amp;quot;False_Northing&amp;quot;,500000.0],PARAMETER[&amp;quot;Central_Meridian&amp;quot;,127.0028902777778],PARAMETER[&amp;quot;Scale_Factor&amp;quot;,1.0],PARAMETER[&amp;quot;Latitude_Of_Origin&amp;quot;,38.0],UNIT[&amp;quot;Meter&amp;quot;,1.0],AUTHORITY[&amp;quot;EPSG&amp;quot;,5174]]&lt;/WKT&gt;&lt;XOrigin&gt;-5422500&lt;/XOrigin&gt;&lt;YOrigin&gt;-13708100&lt;/YOrigin&gt;&lt;XYScale&gt;450314931.24392509&lt;/XYScale&gt;&lt;ZOrigin&gt;-100000&lt;/ZOrigin&gt;&lt;ZScale&gt;10000&lt;/ZScale&gt;&lt;MOrigin&gt;-100000&lt;/MOrigin&gt;&lt;MScale&gt;10000&lt;/MScale&gt;&lt;XYTolerance&gt;0.001&lt;/XYTolerance&gt;&lt;ZTolerance&gt;0.001&lt;/ZTolerance&gt;&lt;MTolerance&gt;0.001&lt;/MTolerance&gt;&lt;HighPrecision&gt;true&lt;/HighPrecision&gt;&lt;WKID&gt;102086&lt;/WKID&gt;&lt;LatestWKID&gt;5174&lt;/LatestWKID&gt;&lt;/ProjectedCoordinateSystem&gt;</peXml></coordRef></DataProperties><SyncDate>20210514</SyncDate><SyncTime>13594200</SyncTime><ModDate>20210514</ModDate><ModTime>13594200</ModTime></Esri><dataIdInfo><envirDesc Sync="TRUE"> Version 6.2 (Build 9200) ; Esri ArcGIS 10.6.1.9270</envirDesc><dataLang><languageCode value="kor" Sync="TRUE"></languageCode><countryCode value="KOR" Sync="TRUE"></countryCode></dataLang><idCitation><resTitle Sync="TRUE">UPIS_C_UQ158</resTitle><presForm><PresFormCd value="005" Sync="TRUE"></PresFormCd></presForm></idCitation><spatRpType><SpatRepTypCd value="001" Sync="TRUE"></SpatRepTypCd></spatRpType></dataIdInfo><mdLang><languageCode value="kor" Sync="TRUE"></languageCode><countryCode value="KOR" Sync="TRUE"></countryCode></mdLang><distInfo><distFormat><formatName Sync="TRUE">Shapefile</formatName></distFormat><distTranOps><transSize Sync="TRUE">0.000</transSize></distTranOps></distInfo><mdHrLv><ScopeCd value="005" Sync="TRUE"></ScopeCd></mdHrLv><mdHrLvName Sync="TRUE">dataset</mdHrLvName><refSysInfo><RefSystem><refSysID><identCode code="5174" Sync="TRUE"></identCode><idCodeSpace Sync="TRUE">EPSG</idCodeSpace><idVersion Sync="TRUE">7.5.4(10.1.0)</idVersion></refSysID></RefSystem></refSysInfo><spatRepInfo><VectSpatRep><geometObjs Name="UPIS_C_UQ158"><geoObjTyp><GeoObjTypCd value="002" Sync="TRUE"></GeoObjTypCd></geoObjTyp><geoObjCnt Sync="TRUE">0</geoObjCnt></geometObjs><topLvl><TopoLevCd value="001" Sync="TRUE"></TopoLevCd></topLvl></VectSpatRep></spatRepInfo><spdoinfo><ptvctinf><esriterm Name="UPIS_C_UQ158"><efeatyp Sync="TRUE">Simple</efeatyp><efeageom code="4" Sync="TRUE"></efeageom><esritopo Sync="TRUE">FALSE</esritopo><efeacnt Sync="TRUE">0</efeacnt><spindex Sync="TRUE">FALSE</spindex><linrefer Sync="TRUE">FALSE</linrefer></esriterm></ptvctinf></spdoinfo><eainfo><detailed Name="UPIS_C_UQ158"><enttyp><enttypl Sync="TRUE">UPIS_C_UQ158</enttypl><enttypt Sync="TRUE">Feature Class</enttypt><enttypc Sync="TRUE">0</enttypc></enttyp><attr><attrlabl Sync="TRUE">FID</attrlabl><attalias Sync="TRUE">FID</attalias><attrtype Sync="TRUE">OID</attrtype><attwidth Sync="TRUE">4</attwidth><atprecis Sync="TRUE">0</atprecis><attscale Sync="TRUE">0</attscale><attrdef Sync="TRUE">Internal feature number.</attrdef><attrdefs Sync="TRUE">Esri</attrdefs><attrdomv><udom Sync="TRUE">Sequential unique whole numbers that are automatically generated.</udom></attrdomv></attr><attr><attrlabl Sync="TRUE">PRESENT_SN</attrlabl><attalias Sync="TRUE">PRESENT_SN</attalias><attrtype Sync="TRUE">String</attrtype><attwidth Sync="TRUE">24</attwidth><atprecis Sync="TRUE">0</atprecis><attscale Sync="TRUE">0</attscale></attr><attr><attrlabl Sync="TRUE">LCLAS_CL</attrlabl><attalias Sync="TRUE">LCLAS_CL</attalias><attrtype Sync="TRUE">String</attrtype><attwidth Sync="TRUE">6</attwidth><atprecis Sync="TRUE">0</atprecis><attscale Sync="TRUE">0</attscale></attr><attr><attrlabl Sync="TRUE">MLSFC_CL</attrlabl><attalias Sync="TRUE">MLSFC_CL</attalias><attrtype Sync="TRUE">String</attrtype><attwidth Sync="TRUE">6</attwidth><atprecis Sync="TRUE">0</atprecis><attscale Sync="TRUE">0</attscale></attr><attr><attrlabl Sync="TRUE">SCLAS_CL</attrlabl><attalias Sync="TRUE">SCLAS_CL</attalias><attrtype Sync="TRUE">String</attrtype><attwidth Sync="TRUE">6</attwidth><atprecis Sync="TRUE">0</atprecis><attscale Sync="TRUE">0</attscale></attr><attr><attrlabl Sync="TRUE">ATRB_SE</attrlabl><attalias Sync="TRUE">ATRB_SE</attalias><attrtype Sync="TRUE">String</attrtype><attwidth Sync="TRUE">6</attwidth><atprecis Sync="TRUE">0</atprecis><attscale Sync="TRUE">0</attscale></attr><attr><attrlabl Sync="TRUE">WTNNC_SN</attrlabl><attalias Sync="TRUE">WTNNC_SN</attalias><attrtype Sync="TRUE">String</attrtype><attwidth Sync="TRUE">20</attwidth><atprecis Sync="TRUE">0</atprecis><attscale Sync="TRUE">0</attscale></attr><attr><attrlabl Sync="TRUE">NTFC_SN</attrlabl><attalias Sync="TRUE">NTFC_SN</attalias><attrtype Sync="TRUE">String</attrtype><attwidth Sync="TRUE">20</attwidth><atprecis Sync="TRUE">0</atprecis><attscale Sync="TRUE">0</attscale></attr><attr><attrlabl Sync="TRUE">DGM_NM</attrlabl><attalias Sync="TRUE">DGM_NM</attalias><attrtype Sync="TRUE">String</attrtype><attwidth Sync="TRUE">50</attwidth><atprecis Sync="TRUE">0</atprecis><attscale Sync="TRUE">0</attscale></attr><attr><attrlabl Sync="TRUE">DGM_AR</attrlabl><attalias Sync="TRUE">DGM_AR</attalias><attrtype Sync="TRUE">Double</attrtype><attwidth Sync="TRUE">19</attwidth><atprecis Sync="TRUE">18</atprecis><attscale Sync="TRUE">8</attscale></attr><attr><attrlabl Sync="TRUE">DGM_LT</attrlabl><attalias Sync="TRUE">DGM_LT</attalias><attrtype Sync="TRUE">Double</attrtype><attwidth Sync="TRUE">19</attwidth><atprecis Sync="TRUE">18</atprecis><attscale Sync="TRUE">8</attscale></attr><attr><attrlabl Sync="TRUE">SIGNGU_SE</attrlabl><attalias Sync="TRUE">SIGNGU_SE</attalias><attrtype Sync="TRUE">String</attrtype><attwidth Sync="TRUE">5</attwidth><atprecis Sync="TRUE">0</atprecis><attscale Sync="TRUE">0</attscale></attr><attr><attrlabl Sync="TRUE">DRAWING_NO</attrlabl><attalias Sync="TRUE">DRAWING_NO</attalias><attrtype Sync="TRUE">String</attrtype><attwidth Sync="TRUE">50</attwidth><atprecis Sync="TRUE">0</atprecis><attscale Sync="TRUE">0</attscale></attr><attr><attrlabl Sync="TRUE">EXCUT_SE</attrlabl><attalias Sync="TRUE">EXCUT_SE</attalias><attrtype Sync="TRUE">String</attrtype><attwidth Sync="TRUE">7</attwidth><atprecis Sync="TRUE">0</atprecis><attscale Sync="TRUE">0</attscale></attr><attr><attrlabl Sync="TRUE">CREATE_DAT</attrlabl><attalias Sync="TRUE">CREATE_DAT</attalias><attrtype Sync="TRUE">Date</attrtype><attwidth Sync="TRUE">8</attwidth><atprecis Sync="TRUE">0</atprecis><attscale Sync="TRUE">0</attscale></attr><attr><attrlabl Sync="TRUE">SHAPE</attrlabl><attalias Sync="TRUE">Shape</attalias><attrtype Sync="TRUE">Geometry</attrtype><attwidth Sync="TRUE">0</attwidth><atprecis Sync="TRUE">0</atprecis><attscale Sync="TRUE">0</attscale><attrdef Sync="TRUE">Feature geometry.</attrdef><attrdefs Sync="TRUE">Esri</attrdefs><attrdomv><udom Sync="TRUE">Coordinates defining the features.</udom></attrdomv></attr><attr><attrlabl Sync="TRUE">SHAPE_AREA</attrlabl><attalias Sync="TRUE">SHAPE_AREA</attalias><attrtype Sync="TRUE">Double</attrtype><attwidth Sync="TRUE">19</attwidth><atprecis Sync="TRUE">0</atprecis><attscale Sync="TRUE">0</attscale><attrdef Sync="TRUE">Area of feature in internal units squared.</attrdef><attrdefs Sync="TRUE">Esri</attrdefs><attrdomv><udom Sync="TRUE">Positive real numbers that are automatically generated.</udom></attrdomv></attr><attr><attrlabl Sync="TRUE">SHAPE_LEN</attrlabl><attalias Sync="TRUE">SHAPE_LEN</attalias><attrtype Sync="TRUE">Double</attrtype><attwidth Sync="TRUE">19</attwidth><atprecis Sync="TRUE">0</atprecis><attscale Sync="TRUE">0</attscale></attr></detailed></eainfo><mdDateSt Sync="TRUE">20210514</mdDateSt></metadata>
