충전소명,충전일,충전량(kWh)
가산 공영주차장,2021-06-23,0.45
가산 공영주차장,2021-06-26,38.11
가산 공영주차장,2021-07-01,20.3
가산 공영주차장,2021-07-02,82.05
가산 공영주차장,2021-07-03,81.94
가산 공영주차장,2021-07-05,34.06
가산 공영주차장,2021-07-06,31.37
가산 공영주차장,2021-07-07,19.05
가산 공영주차장,2021-07-08,24.61
가산 공영주차장,2021-07-09,129.21
가산 공영주차장,2021-07-10,85.45
가산 공영주차장,2021-07-11,77.07
가산 공영주차장,2021-07-12,151.05
가산 공영주차장,2021-07-13,27.86
가산 공영주차장,2021-07-14,99.46
가산 공영주차장,2021-07-15,93.15
가산 공영주차장,2021-07-16,46.26
가산 공영주차장,2021-07-17,121.04
가산 공영주차장,2021-07-18,76.13
가산 공영주차장,2021-07-19,24.26
가산 공영주차장,2021-07-20,74.6
가산 공영주차장,2021-07-22,45.6
가산 공영주차장,2021-07-23,47.02
가산 공영주차장,2021-07-25,17.46
가산 공영주차장,2021-08-04,20.03
가산 공영주차장,2021-08-05,35.12
가산 공영주차장,2021-08-06,9.97
가산 공영주차장,2021-08-10,58.97
가산 공영주차장,2021-08-11,15.15
가산 공영주차장,2021-08-13,144.92
가산 공영주차장,2021-08-16,31.8
가산 공영주차장,2021-08-18,25.63
가산 공영주차장,2021-08-22,30.02
가산 공영주차장,2021-08-23,26.93
가산 공영주차장,2021-08-24,15.71
가산 공영주차장,2021-08-25,17.05
가산 공영주차장,2021-08-27,22.45
가산 공영주차장,2021-08-28,24.31
가산 공영주차장,2021-08-31,1.34
가산 공영주차장,2021-09-02,60.86
가산 공영주차장,2021-09-06,13.93
가산 공영주차장,2021-09-08,27.48
가산 공영주차장,2021-09-09,43.63
가산 공영주차장,2021-09-10,21.88
가산 공영주차장,2021-09-13,17.02
가산 공영주차장,2021-09-15,57.98
가산 공영주차장,2021-09-16,38.53
가산 공영주차장,2021-09-17,14.48
가산 공영주차장,2021-09-21,13.47
가산 공영주차장,2021-09-23,48.58
가산 공영주차장,2021-09-28,1.36
가산 공영주차장,2021-09-29,17.02
가산 공영주차장,2021-09-30,49.82
가산 공영주차장,2021-10-01,86.4
가산 공영주차장,2021-10-03,29.55
가산 공영주차장,2021-10-05,24.84
가산 공영주차장,2021-10-06,26.39
가산 공영주차장,2021-10-07,12.22
가산 공영주차장,2021-10-09,10.04
가산 공영주차장,2021-10-10,44.05
개화산역 공영주차장,2021-06-23,37.36
개화산역 공영주차장,2021-06-25,28.68
개화산역 공영주차장,2021-06-26,19.06
개화산역 공영주차장,2021-06-27,3.45
개화산역 공영주차장,2021-06-29,68.64
개화산역 공영주차장,2021-06-30,22.72
개화산역 공영주차장,2021-07-01,36.61
개화산역 공영주차장,2021-07-02,24.92
개화산역 공영주차장,2021-07-05,62.04
개화산역 공영주차장,2021-07-06,139.29
개화산역 공영주차장,2021-07-07,23.2
개화산역 공영주차장,2021-07-08,38.77
개화산역 공영주차장,2021-07-09,21.06
개화산역 공영주차장,2021-07-11,90.7
개화산역 공영주차장,2021-07-12,61.29
개화산역 공영주차장,2021-07-13,90.99
개화산역 공영주차장,2021-07-14,67.86
개화산역 공영주차장,2021-07-15,45.39
개화산역 공영주차장,2021-07-16,133.47
개화산역 공영주차장,2021-07-17,79.76
개화산역 공영주차장,2021-07-18,60.9
개화산역 공영주차장,2021-07-19,85.82
개화산역 공영주차장,2021-07-20,40.43
개화산역 공영주차장,2021-07-21,36.79
개화산역 공영주차장,2021-07-22,27.36
개화산역 공영주차장,2021-07-23,20.86
개화산역 공영주차장,2021-07-26,23.59
개화산역 공영주차장,2021-07-27,10.03
개화산역 공영주차장,2021-07-29,2.75
개화산역 공영주차장,2021-08-01,47.84
개화산역 공영주차장,2021-08-02,18.53
개화산역 공영주차장,2021-08-05,15.51
개화산역 공영주차장,2021-08-07,23.59
개화산역 공영주차장,2021-08-08,22.36
개화산역 공영주차장,2021-08-09,65.97
개화산역 공영주차장,2021-08-10,53.59
개화산역 공영주차장,2021-08-12,77.54
개화산역 공영주차장,2021-08-13,19.63
개화산역 공영주차장,2021-08-14,19.57
개화산역 공영주차장,2021-08-16,40.34
개화산역 공영주차장,2021-08-17,21.98
개화산역 공영주차장,2021-08-18,9.52
개화산역 공영주차장,2021-08-19,59.85
개화산역 공영주차장,2021-08-20,56.23
개화산역 공영주차장,2021-08-21,29.33
개화산역 공영주차장,2021-08-22,31.36
개화산역 공영주차장,2021-08-25,40.82
개화산역 공영주차장,2021-08-26,26.04
개화산역 공영주차장,2021-08-30,8.73
개화산역 공영주차장,2021-08-31,17.04
개화산역 공영주차장,2021-09-01,24.61
개화산역 공영주차장,2021-09-02,33.42
개화산역 공영주차장,2021-09-04,64.2
개화산역 공영주차장,2021-09-05,17.04
개화산역 공영주차장,2021-09-07,56.89
개화산역 공영주차장,2021-09-09,17.05
개화산역 공영주차장,2021-09-10,55.69
개화산역 공영주차장,2021-09-11,8.87
개화산역 공영주차장,2021-09-13,42.49
개화산역 공영주차장,2021-09-14,49.61
개화산역 공영주차장,2021-09-15,17.05
개화산역 공영주차장,2021-09-16,19.46
개화산역 공영주차장,2021-09-18,45.42
개화산역 공영주차장,2021-09-19,41.05
개화산역 공영주차장,2021-09-20,17.02
개화산역 공영주차장,2021-09-21,41.73
개화산역 공영주차장,2021-09-22,3.19
개화산역 공영주차장,2021-09-24,0.44
개화산역 공영주차장,2021-09-26,8.59
개화산역 공영주차장,2021-09-27,25.9
개화산역 공영주차장,2021-09-28,34.07
개화산역 공영주차장,2021-09-29,78.86
개화산역 공영주차장,2021-09-30,39.09
개화산역 공영주차장,2021-10-01,17.05
개화산역 공영주차장,2021-10-02,17.26
개화산역 공영주차장,2021-10-03,39.39
개화산역 공영주차장,2021-10-04,47.4
개화산역 공영주차장,2021-10-07,16.41
개화산역 공영주차장,2021-10-08,85.79
개화산역 공영주차장,2021-10-09,29.05
개화산역 공영주차장,2021-10-10,48.73
개화산역 공영주차장,2021-10-11,53.99
남부초 공영주차장,2021-06-23,19.02
남부초 공영주차장,2021-06-24,16.73
남부초 공영주차장,2021-06-25,106.73
남부초 공영주차장,2021-06-26,23.95
남부초 공영주차장,2021-06-28,10.27
남부초 공영주차장,2021-06-29,146.5
남부초 공영주차장,2021-06-30,244.38
남부초 공영주차장,2021-07-01,41.87
남부초 공영주차장,2021-07-02,90.28
남부초 공영주차장,2021-07-03,90.5
남부초 공영주차장,2021-07-04,82.16
남부초 공영주차장,2021-07-05,64.91
남부초 공영주차장,2021-07-06,141.68
남부초 공영주차장,2021-07-07,104.69
남부초 공영주차장,2021-07-08,104.7
남부초 공영주차장,2021-07-09,138.83
남부초 공영주차장,2021-07-10,278.73
남부초 공영주차장,2021-07-11,213.7
남부초 공영주차장,2021-07-12,202.08
남부초 공영주차장,2021-07-13,254.56
남부초 공영주차장,2021-07-14,208.86
남부초 공영주차장,2021-07-15,85.7
남부초 공영주차장,2021-07-16,76.26
남부초 공영주차장,2021-07-17,159.63
남부초 공영주차장,2021-07-18,167.66
남부초 공영주차장,2021-07-19,75.74
남부초 공영주차장,2021-07-20,61.66
남부초 공영주차장,2021-07-21,96.83
남부초 공영주차장,2021-07-22,40.69
남부초 공영주차장,2021-07-23,80.18
남부초 공영주차장,2021-07-24,47.84
남부초 공영주차장,2021-07-25,80.97
남부초 공영주차장,2021-07-26,106.73
남부초 공영주차장,2021-07-27,138.49
남부초 공영주차장,2021-07-28,89.28
남부초 공영주차장,2021-07-29,114.02
남부초 공영주차장,2021-07-30,153.26
남부초 공영주차장,2021-07-31,66.83
남부초 공영주차장,2021-08-01,24.71
남부초 공영주차장,2021-08-02,90.01
남부초 공영주차장,2021-08-03,84.04
남부초 공영주차장,2021-08-04,38.24
남부초 공영주차장,2021-08-05,114.38
남부초 공영주차장,2021-08-06,52.39
남부초 공영주차장,2021-08-07,68.4
남부초 공영주차장,2021-08-08,15.58
남부초 공영주차장,2021-08-09,59.57
남부초 공영주차장,2021-08-10,92.68
남부초 공영주차장,2021-08-11,43.65
남부초 공영주차장,2021-08-12,75.77
남부초 공영주차장,2021-08-13,76.66
남부초 공영주차장,2021-08-14,19.43
남부초 공영주차장,2021-08-15,17.03
남부초 공영주차장,2021-08-16,76.41
남부초 공영주차장,2021-08-17,39.35
남부초 공영주차장,2021-08-18,17.02
남부초 공영주차장,2021-08-19,50.95
남부초 공영주차장,2021-08-20,106.32
남부초 공영주차장,2021-08-21,2.28
남부초 공영주차장,2021-08-22,67.22
남부초 공영주차장,2021-08-23,31.01
남부초 공영주차장,2021-08-24,50.92
남부초 공영주차장,2021-08-25,51.85
남부초 공영주차장,2021-08-26,47.58
남부초 공영주차장,2021-08-28,78.32
남부초 공영주차장,2021-08-29,117.97
남부초 공영주차장,2021-08-30,103.7
남부초 공영주차장,2021-08-31,148.36
남부초 공영주차장,2021-09-01,63.24
남부초 공영주차장,2021-09-02,117.56
남부초 공영주차장,2021-09-03,53.83
남부초 공영주차장,2021-09-04,21.79
남부초 공영주차장,2021-09-05,63.58
남부초 공영주차장,2021-09-06,54.11
남부초 공영주차장,2021-09-07,69.61
남부초 공영주차장,2021-09-08,67.02
남부초 공영주차장,2021-09-09,80.93
남부초 공영주차장,2021-09-10,67.92
남부초 공영주차장,2021-09-11,46.05
남부초 공영주차장,2021-09-12,58.23
남부초 공영주차장,2021-09-13,57.88
남부초 공영주차장,2021-09-14,48.95
남부초 공영주차장,2021-09-16,26.21
남부초 공영주차장,2021-09-17,36.95
남부초 공영주차장,2021-09-18,103.77
남부초 공영주차장,2021-09-19,45.5
남부초 공영주차장,2021-09-20,18.55
남부초 공영주차장,2021-09-21,68.49
남부초 공영주차장,2021-09-22,18.38
남부초 공영주차장,2021-09-23,107.08
남부초 공영주차장,2021-09-24,28.87
남부초 공영주차장,2021-09-25,49.94
남부초 공영주차장,2021-09-27,84.52
남부초 공영주차장,2021-09-28,0.98
남부초 공영주차장,2021-09-29,97.26
남부초 공영주차장,2021-09-30,30.62
남부초 공영주차장,2021-10-01,29.42
남부초 공영주차장,2021-10-02,25.13
남부초 공영주차장,2021-10-03,58.81
남부초 공영주차장,2021-10-04,22.71
남부초 공영주차장,2021-10-05,19.14
남부초 공영주차장,2021-10-06,39.12
남부초 공영주차장,2021-10-07,0.7
남부초 공영주차장,2021-10-08,6.79
남부초 공영주차장,2021-10-09,32.08
남부초 공영주차장,2021-10-10,49.72
남부초 공영주차장,2021-10-11,7.87
남산청사,2021-06-29,9.221
남산청사,2021-06-30,3.298
남산청사,2021-07-01,2.587
남산청사,2021-07-02,6.515
남산청사,2021-07-03,11.854
남산청사,2021-07-05,5.623
남산청사,2021-07-06,5.234
남산청사,2021-07-07,5.601
남산청사,2021-07-10,2.342
남산청사,2021-07-11,8.401
남산청사,2021-07-14,13.796
남산청사,2021-07-15,4.538
남산청사,2021-07-16,12.52
남산청사,2021-07-17,0.353
남산청사,2021-07-19,15.567
남산청사,2021-07-20,10.05
남산청사,2021-07-21,7.211
남산청사,2021-07-22,15.669
남산청사,2021-07-24,16.798
남산청사,2021-07-26,15.449
남산청사,2021-07-27,17.823
남산청사,2021-07-28,10.208
남산청사,2021-07-29,8.998
남산청사,2021-07-30,4.002
남산청사,2021-08-03,10.375
남산청사,2021-08-04,3.112
남산청사,2021-08-05,17.809
남산청사,2021-08-06,4.774
남산청사,2021-08-07,19.098
남산청사,2021-08-08,2.714
남산청사,2021-08-09,11.34
남산청사,2021-08-10,2.832
남산청사,2021-08-12,9.55
남산청사,2021-08-13,6.677
남산청사,2021-08-14,3.635
남산청사,2021-08-16,2.691
남산청사,2021-08-17,5.755
남산청사,2021-08-18,4.323
남산청사,2021-08-19,9.116
남산청사,2021-08-20,3.664
남산청사,2021-08-21,16.281
남산청사,2021-08-22,2.225
남산청사,2021-08-23,2.647
남산청사,2021-08-24,8.843
남산청사,2021-08-25,4.157
남산청사,2021-08-26,1.402
남산청사,2021-08-27,2.502
남산청사,2021-08-29,3.682
남산청사,2021-08-30,1.5
남산청사,2021-08-31,5.945
남산청사,2021-09-01,7.873
남산청사,2021-09-02,5.264
남산청사,2021-09-03,3.527
남산청사,2021-09-04,1.113
남산청사,2021-09-05,0.544
남산청사,2021-09-06,7.255
남산청사,2021-09-07,9.063
남산청사,2021-09-08,3.633
남산청사,2021-09-09,11.048
남산청사,2021-09-10,1.053
남산청사,2021-09-11,8.148
남산청사,2021-09-12,0.664
남산청사,2021-09-14,6.335
남산청사,2021-09-15,3.182
남산청사,2021-09-16,5.202
남산청사,2021-09-17,2.855
남산청사,2021-09-23,10.964
남산청사,2021-09-25,4.424
남산청사,2021-09-27,3.962
남산청사,2021-09-28,9.635
남산청사,2021-09-29,0.516
남산청사,2021-09-30,1.234
남산청사,2021-10-01,18.957
남산청사,2021-10-03,4.268
남산청사,2021-10-04,3.417
남산청사,2021-10-05,5.056
남산청사,2021-10-06,6.309
남산청사,2021-10-07,8.632
남산청사,2021-10-08,4.239
남산청사,2021-10-09,0.952
남산청사,2021-10-10,2.155
동작구청,2021-06-16,68.719
동작구청,2021-06-17,264.806
동작구청,2021-06-18,273.494
동작구청,2021-06-19,193.902
동작구청,2021-06-20,172.322
동작구청,2021-06-21,252.44
동작구청,2021-06-22,374.449
동작구청,2021-06-23,244.01
동작구청,2021-06-24,304.857
동작구청,2021-06-25,364.828
동작구청,2021-06-26,333.241
동작구청,2021-06-27,303.265
동작구청,2021-06-28,300.222
동작구청,2021-06-29,314.527
동작구청,2021-06-30,183.789
동작구청,2021-07-01,242.558
동작구청,2021-07-02,122.736
동작구청,2021-07-03,153.122
동작구청,2021-07-04,111.227
동작구청,2021-07-05,113.103
동작구청,2021-07-06,178.985
동작구청,2021-07-07,266.032
동작구청,2021-07-08,133.61
동작구청,2021-07-09,134.166
동작구청,2021-07-10,183.432
동작구청,2021-07-11,227.364
동작구청,2021-07-12,159.553
동작구청,2021-07-13,176.484
동작구청,2021-07-14,116.35
동작구청,2021-07-15,187.612
동작구청,2021-07-16,128.273
동작구청,2021-07-17,182.71
동작구청,2021-07-18,118.502
동작구청,2021-07-19,201.92
동작구청,2021-07-20,192.304
동작구청,2021-07-21,203.556
동작구청,2021-07-22,130.085
동작구청,2021-07-23,178.102
동작구청,2021-07-24,216.209
동작구청,2021-07-25,101.229
동작구청,2021-07-26,132.973
동작구청,2021-07-27,125.822
동작구청,2021-07-28,141.709
동작구청,2021-07-29,140.197
동작구청,2021-07-30,165.548
동작구청,2021-07-31,153.451
동작구청,2021-08-01,74.769
동작구청,2021-08-02,174.364
동작구청,2021-08-03,184.331
동작구청,2021-08-04,126.958
동작구청,2021-08-05,75.653
동작구청,2021-08-06,157.129
동작구청,2021-08-07,81.79
동작구청,2021-08-08,189.249
동작구청,2021-08-09,113.602
동작구청,2021-08-10,233.663
동작구청,2021-08-11,178.804
동작구청,2021-08-12,174.321
동작구청,2021-08-13,161.77
동작구청,2021-08-14,138.862
동작구청,2021-08-15,147.507
동작구청,2021-08-16,111.042
동작구청,2021-08-17,155.252
동작구청,2021-08-18,114.731
동작구청,2021-08-19,151.836
동작구청,2021-08-20,127.956
동작구청,2021-08-21,80.931
동작구청,2021-08-22,62.626
동작구청,2021-08-23,138.887
동작구청,2021-08-24,73.512
동작구청,2021-08-25,73.698
동작구청,2021-08-26,135.104
동작구청,2021-08-27,156.172
동작구청,2021-08-28,122.358
동작구청,2021-08-29,67.124
동작구청,2021-08-30,131.492
동작구청,2021-08-31,137.559
동작구청,2021-09-01,103.778
동작구청,2021-09-02,103.2
동작구청,2021-09-03,140.12
동작구청,2021-09-04,66.208
동작구청,2021-09-05,25.743
동작구청,2021-09-06,103.768
동작구청,2021-09-07,107.498
동작구청,2021-09-08,97.434
동작구청,2021-09-09,109.102
동작구청,2021-09-10,87.9
동작구청,2021-09-11,117.965
동작구청,2021-09-12,44.797
동작구청,2021-09-13,162.627
동작구청,2021-09-14,74.574
동작구청,2021-09-15,155.131
동작구청,2021-09-16,112.392
동작구청,2021-09-17,85.564
동작구청,2021-09-18,87.663
동작구청,2021-09-19,146.913
동작구청,2021-09-20,33.156
동작구청,2021-09-21,28.822
동작구청,2021-09-22,32.328
동작구청,2021-09-23,65.093
동작구청,2021-09-24,97.611
동작구청,2021-09-25,44.093
동작구청,2021-09-26,130.85
동작구청,2021-09-27,71.352
동작구청,2021-09-28,57.261
동작구청,2021-09-29,113.262
동작구청,2021-09-30,115.346
동작구청,2021-10-01,35.557
동작구청,2021-10-02,108.184
동작구청,2021-10-03,111.08
동작구청,2021-10-04,90.854
동작구청,2021-10-05,52.738
동작구청,2021-10-06,54.318
동작구청,2021-10-07,135.588
동작구청,2021-10-08,91.62
동작구청,2021-10-09,109.572
동작구청,2021-10-10,76.87
동작구청,2021-10-11,88.712
마곡중앙광장공영주차장,2021-07-01,13.75
마곡중앙광장공영주차장,2021-07-14,10.47
마곡중앙광장공영주차장,2021-07-15,2.23
마곡중앙광장공영주차장,2021-07-19,9.78
마곡중앙광장공영주차장,2021-07-21,137.68
마곡중앙광장공영주차장,2021-07-22,31.19
마곡중앙광장공영주차장,2021-07-23,34.11
마곡중앙광장공영주차장,2021-07-24,67.51
마곡중앙광장공영주차장,2021-07-25,101.47
마곡중앙광장공영주차장,2021-07-26,22.25
마곡중앙광장공영주차장,2021-07-27,83.14
마곡중앙광장공영주차장,2021-07-28,39.98
마곡중앙광장공영주차장,2021-07-29,34.55
마곡중앙광장공영주차장,2021-07-30,59.28
마곡중앙광장공영주차장,2021-07-31,14.78
마곡중앙광장공영주차장,2021-08-01,35.63
마곡중앙광장공영주차장,2021-08-02,27.6
마곡중앙광장공영주차장,2021-08-03,26.87
마곡중앙광장공영주차장,2021-08-04,19.77
마곡중앙광장공영주차장,2021-08-05,42.09
마곡중앙광장공영주차장,2021-08-06,84.77
마곡중앙광장공영주차장,2021-08-07,58.61
마곡중앙광장공영주차장,2021-08-08,0.63
마곡중앙광장공영주차장,2021-08-09,13.28
마곡중앙광장공영주차장,2021-08-10,12.99
마곡중앙광장공영주차장,2021-08-11,98.16
마곡중앙광장공영주차장,2021-08-12,108.09
마곡중앙광장공영주차장,2021-08-13,54.85
마곡중앙광장공영주차장,2021-08-14,99.5
마곡중앙광장공영주차장,2021-08-15,23.15
마곡중앙광장공영주차장,2021-08-16,43.11
마곡중앙광장공영주차장,2021-08-17,22.79
마곡중앙광장공영주차장,2021-08-18,44.28
마곡중앙광장공영주차장,2021-08-19,22.64
마곡중앙광장공영주차장,2021-08-20,32.67
마곡중앙광장공영주차장,2021-08-21,20.45
마곡중앙광장공영주차장,2021-08-22,18.37
마곡중앙광장공영주차장,2021-08-23,55.05
마곡중앙광장공영주차장,2021-08-24,57.44
마곡중앙광장공영주차장,2021-08-25,47.31
마곡중앙광장공영주차장,2021-08-26,84.54
마곡중앙광장공영주차장,2021-08-27,252.01
마곡중앙광장공영주차장,2021-08-28,129.18
마곡중앙광장공영주차장,2021-08-29,19.67
마곡중앙광장공영주차장,2021-08-30,35.08
마곡중앙광장공영주차장,2021-09-01,47.28
마곡중앙광장공영주차장,2021-09-02,38.53
마곡중앙광장공영주차장,2021-09-03,17.87
마곡중앙광장공영주차장,2021-09-07,10.11
마곡중앙광장공영주차장,2021-09-08,80.63
마곡중앙광장공영주차장,2021-09-09,8.51
마곡중앙광장공영주차장,2021-09-10,64.57
마곡중앙광장공영주차장,2021-09-12,7.08
마곡중앙광장공영주차장,2021-09-13,20.28
마곡중앙광장공영주차장,2021-09-14,43.69
마곡중앙광장공영주차장,2021-09-16,128.25
마곡중앙광장공영주차장,2021-09-17,16.26
마곡중앙광장공영주차장,2021-09-18,66.67
마곡중앙광장공영주차장,2021-09-19,62.09
마곡중앙광장공영주차장,2021-09-20,2.44
마곡중앙광장공영주차장,2021-09-23,36.65
마곡중앙광장공영주차장,2021-09-24,10.53
마곡중앙광장공영주차장,2021-09-25,30.74
마곡중앙광장공영주차장,2021-09-26,36.33
마곡중앙광장공영주차장,2021-09-27,25.2
마곡중앙광장공영주차장,2021-09-29,1.38
마곡중앙광장공영주차장,2021-10-01,10.01
마곡중앙광장공영주차장,2021-10-03,33
마곡중앙광장공영주차장,2021-10-04,11.26
마곡중앙광장공영주차장,2021-10-07,65.02
마곡중앙광장공영주차장,2021-10-11,1.3
망우제2 거주자주차장,2021-06-24,0.57
망우제2 거주자주차장,2021-06-30,2.4
망우제2 거주자주차장,2021-07-06,0.4
망우제2 거주자주차장,2021-07-07,25.94
망우제2 거주자주차장,2021-07-09,8.86
망우제2 거주자주차장,2021-07-10,19.04
망우제2 거주자주차장,2021-07-11,19.03
망우제2 거주자주차장,2021-07-12,62.66
망우제2 거주자주차장,2021-07-13,23.07
망우제2 거주자주차장,2021-07-14,53.6
망우제2 거주자주차장,2021-07-15,98.31
망우제2 거주자주차장,2021-07-16,77.66
망우제2 거주자주차장,2021-07-17,29.95
망우제2 거주자주차장,2021-07-18,100.57
망우제2 거주자주차장,2021-07-19,20.62
망우제2 거주자주차장,2021-07-21,85.26
망우제2 거주자주차장,2021-07-22,41.46
망우제2 거주자주차장,2021-07-23,27.41
망우제2 거주자주차장,2021-07-26,24.34
망우제2 거주자주차장,2021-07-27,33.49
망우제2 거주자주차장,2021-07-28,83.53
망우제2 거주자주차장,2021-07-29,24.09
망우제2 거주자주차장,2021-07-30,3.53
망우제2 거주자주차장,2021-07-31,65.12
망우제2 거주자주차장,2021-08-01,52.41
망우제2 거주자주차장,2021-08-03,75.34
망우제2 거주자주차장,2021-08-04,89.34
망우제2 거주자주차장,2021-08-05,57.78
망우제2 거주자주차장,2021-08-06,42.2
망우제2 거주자주차장,2021-08-07,80.81
망우제2 거주자주차장,2021-08-08,20.05
망우제2 거주자주차장,2021-08-09,60.05
망우제2 거주자주차장,2021-08-10,27.25
망우제2 거주자주차장,2021-08-11,82.96
망우제2 거주자주차장,2021-08-13,40.06
망우제2 거주자주차장,2021-08-14,95.33
망우제2 거주자주차장,2021-08-15,39.34
망우제2 거주자주차장,2021-08-16,23.02
망우제2 거주자주차장,2021-08-17,49.88
망우제2 거주자주차장,2021-08-18,40.45
망우제2 거주자주차장,2021-08-19,81.87
망우제2 거주자주차장,2021-08-20,58.32
망우제2 거주자주차장,2021-08-23,83.71
망우제2 거주자주차장,2021-08-24,35.61
망우제2 거주자주차장,2021-08-25,54.23
망우제2 거주자주차장,2021-08-26,36.4
망우제2 거주자주차장,2021-08-27,32.82
망우제2 거주자주차장,2021-08-28,24.4
망우제2 거주자주차장,2021-08-29,42.99
망우제2 거주자주차장,2021-08-30,64.98
망우제2 거주자주차장,2021-08-31,41.17
망우제2 거주자주차장,2021-09-01,65.44
망우제2 거주자주차장,2021-09-02,45.52
망우제2 거주자주차장,2021-09-03,51.01
망우제2 거주자주차장,2021-09-04,106.57
망우제2 거주자주차장,2021-09-05,55.21
망우제2 거주자주차장,2021-09-06,53.78
망우제2 거주자주차장,2021-09-07,87.76
망우제2 거주자주차장,2021-09-08,25.38
망우제2 거주자주차장,2021-09-09,103.29
망우제2 거주자주차장,2021-09-10,75.86
망우제2 거주자주차장,2021-09-11,47.22
망우제2 거주자주차장,2021-09-12,45
망우제2 거주자주차장,2021-09-13,101.14
망우제2 거주자주차장,2021-09-14,39.8
망우제2 거주자주차장,2021-09-15,129.36
망우제2 거주자주차장,2021-09-16,63.95
망우제2 거주자주차장,2021-09-17,56.5
망우제2 거주자주차장,2021-09-18,61.45
망우제2 거주자주차장,2021-09-19,77.17
망우제2 거주자주차장,2021-09-20,37.09
망우제2 거주자주차장,2021-09-21,46.57
망우제2 거주자주차장,2021-09-22,42.4
망우제2 거주자주차장,2021-09-23,109.21
망우제2 거주자주차장,2021-09-24,87.52
망우제2 거주자주차장,2021-09-25,82.35
망우제2 거주자주차장,2021-09-26,12.14
망우제2 거주자주차장,2021-09-27,85.25
망우제2 거주자주차장,2021-09-28,32.32
망우제2 거주자주차장,2021-09-29,62.95
망우제2 거주자주차장,2021-09-30,93.62
망우제2 거주자주차장,2021-10-01,89.87
망우제2 거주자주차장,2021-10-02,74.95
망우제2 거주자주차장,2021-10-03,26.68
망우제2 거주자주차장,2021-10-09,35.51
망우제2 거주자주차장,2021-10-10,16.51
망우제2 거주자주차장,2021-10-11,63.79
복정역 공영주차장,2021-06-24,18.42
복정역 공영주차장,2021-06-25,23.08
복정역 공영주차장,2021-06-30,22.55
복정역 공영주차장,2021-07-01,19.25
복정역 공영주차장,2021-07-06,1.23
복정역 공영주차장,2021-07-07,13.7
복정역 공영주차장,2021-07-08,7.08
복정역 공영주차장,2021-07-09,14.56
복정역 공영주차장,2021-07-10,45.73
복정역 공영주차장,2021-07-11,52.99
복정역 공영주차장,2021-07-12,78.64
복정역 공영주차장,2021-07-13,6.07
복정역 공영주차장,2021-07-14,86.29
복정역 공영주차장,2021-07-15,30.44
복정역 공영주차장,2021-07-16,25.49
복정역 공영주차장,2021-07-17,29.89
복정역 공영주차장,2021-07-18,48.75
복정역 공영주차장,2021-07-19,12.59
복정역 공영주차장,2021-07-20,43.4
복정역 공영주차장,2021-07-22,1.09
복정역 공영주차장,2021-07-23,1.5
복정역 공영주차장,2021-07-26,2.1
복정역 공영주차장,2021-07-27,16.41
복정역 공영주차장,2021-07-28,2.31
복정역 공영주차장,2021-07-29,41.36
복정역 공영주차장,2021-07-31,20.69
복정역 공영주차장,2021-08-02,21.17
복정역 공영주차장,2021-08-03,72.19
복정역 공영주차장,2021-08-04,54.5
복정역 공영주차장,2021-08-05,20.5
복정역 공영주차장,2021-08-06,2.5
복정역 공영주차장,2021-08-07,28.52
복정역 공영주차장,2021-08-09,57.18
복정역 공영주차장,2021-08-14,53.07
복정역 공영주차장,2021-08-15,60.71
복정역 공영주차장,2021-08-16,6.81
복정역 공영주차장,2021-08-17,56.02
복정역 공영주차장,2021-08-18,25.09
복정역 공영주차장,2021-08-19,54.21
복정역 공영주차장,2021-08-20,42.14
복정역 공영주차장,2021-08-21,75.08
복정역 공영주차장,2021-08-22,33.42
복정역 공영주차장,2021-08-24,66.95
복정역 공영주차장,2021-08-25,97.45
복정역 공영주차장,2021-08-26,114.4
복정역 공영주차장,2021-08-27,59.11
복정역 공영주차장,2021-08-28,59.37
복정역 공영주차장,2021-08-29,24.03
복정역 공영주차장,2021-08-30,37.99
복정역 공영주차장,2021-08-31,50.26
복정역 공영주차장,2021-09-01,111.18
복정역 공영주차장,2021-09-02,85.45
복정역 공영주차장,2021-09-03,90.23
복정역 공영주차장,2021-09-04,54.3
복정역 공영주차장,2021-09-05,76.98
복정역 공영주차장,2021-09-06,17.1
복정역 공영주차장,2021-09-07,58.11
복정역 공영주차장,2021-09-08,68.21
복정역 공영주차장,2021-09-09,59.95
복정역 공영주차장,2021-09-13,17.06
복정역 공영주차장,2021-09-14,41.71
복정역 공영주차장,2021-09-15,4.82
복정역 공영주차장,2021-09-16,78.28
복정역 공영주차장,2021-09-19,55.65
복정역 공영주차장,2021-09-21,65.94
복정역 공영주차장,2021-09-22,58.54
복정역 공영주차장,2021-09-23,37.98
복정역 공영주차장,2021-09-24,34.13
복정역 공영주차장,2021-09-27,17.03
복정역 공영주차장,2021-09-28,15.75
복정역 공영주차장,2021-09-29,10.46
복정역 공영주차장,2021-09-30,34.17
복정역 공영주차장,2021-10-01,78.51
복정역 공영주차장,2021-10-02,51.97
복정역 공영주차장,2021-10-05,43.49
복정역 공영주차장,2021-10-07,30.04
복정역 공영주차장,2021-10-08,75.42
복정역 공영주차장,2021-10-09,79.3
복정역 공영주차장,2021-10-10,69.34
복정역 공영주차장,2021-10-11,23.1
서대문구청 주차장,2021-06-23,36.5
서대문구청 주차장,2021-06-24,116.02
서대문구청 주차장,2021-06-25,95.21
서대문구청 주차장,2021-06-26,129.31
서대문구청 주차장,2021-06-27,53.17
서대문구청 주차장,2021-06-28,149.2
서대문구청 주차장,2021-06-29,96.99
서대문구청 주차장,2021-06-30,118.28
서대문구청 주차장,2021-07-01,93.7
서대문구청 주차장,2021-07-02,129.41
서대문구청 주차장,2021-07-03,10.16
서대문구청 주차장,2021-07-04,73.3
서대문구청 주차장,2021-07-05,48.36
서대문구청 주차장,2021-07-06,38.12
서대문구청 주차장,2021-07-07,126.07
서대문구청 주차장,2021-07-08,22.53
서대문구청 주차장,2021-07-09,84.84
서대문구청 주차장,2021-07-10,116.41
서대문구청 주차장,2021-07-11,84.73
서대문구청 주차장,2021-07-12,74.73
서대문구청 주차장,2021-07-13,64.09
서대문구청 주차장,2021-07-14,124.31
서대문구청 주차장,2021-07-15,85.46
서대문구청 주차장,2021-07-16,68.83
서대문구청 주차장,2021-07-17,180.51
서대문구청 주차장,2021-07-18,189.62
서대문구청 주차장,2021-07-19,106.84
서대문구청 주차장,2021-07-20,42.97
서대문구청 주차장,2021-07-21,58.6
서대문구청 주차장,2021-07-22,25.87
서대문구청 주차장,2021-07-23,48.77
서대문구청 주차장,2021-07-24,140.28
서대문구청 주차장,2021-07-25,43.45
서대문구청 주차장,2021-07-26,61.37
서대문구청 주차장,2021-07-27,91.54
서대문구청 주차장,2021-07-29,41.87
서대문구청 주차장,2021-07-30,38.37
서대문구청 주차장,2021-07-31,78.07
서대문구청 주차장,2021-08-01,21.93
서대문구청 주차장,2021-08-02,66.92
서대문구청 주차장,2021-08-04,43.08
서대문구청 주차장,2021-08-06,59.96
서대문구청 주차장,2021-08-07,44.33
서대문구청 주차장,2021-08-08,48.82
서대문구청 주차장,2021-08-09,17.03
서대문구청 주차장,2021-08-10,57.65
서대문구청 주차장,2021-08-11,47.47
서대문구청 주차장,2021-08-12,70.58
서대문구청 주차장,2021-08-13,37.74
서대문구청 주차장,2021-08-14,66.72
서대문구청 주차장,2021-08-15,44.44
서대문구청 주차장,2021-08-16,99.92
서대문구청 주차장,2021-08-17,59.27
서대문구청 주차장,2021-08-18,66.7
서대문구청 주차장,2021-08-19,63.62
서대문구청 주차장,2021-08-20,72.39
서대문구청 주차장,2021-08-21,33.47
서대문구청 주차장,2021-08-22,76.5
서대문구청 주차장,2021-08-23,16.83
서대문구청 주차장,2021-08-24,30.26
서대문구청 주차장,2021-08-25,69.97
서대문구청 주차장,2021-08-26,7.93
서대문구청 주차장,2021-08-27,37.14
서대문구청 주차장,2021-08-28,129.99
서대문구청 주차장,2021-08-31,48.18
서대문구청 주차장,2021-09-01,51.2
서대문구청 주차장,2021-09-02,87.78
서대문구청 주차장,2021-09-03,106.65
서대문구청 주차장,2021-09-04,140.25
서대문구청 주차장,2021-09-05,33.39
서대문구청 주차장,2021-09-06,37.83
서대문구청 주차장,2021-09-07,52.91
서대문구청 주차장,2021-09-08,107.4
서대문구청 주차장,2021-09-09,166.01
서대문구청 주차장,2021-09-10,29.2
서대문구청 주차장,2021-09-11,61.81
서대문구청 주차장,2021-09-12,57.04
서대문구청 주차장,2021-09-13,121.13
서대문구청 주차장,2021-09-14,35.03
서대문구청 주차장,2021-09-15,92.6
서대문구청 주차장,2021-09-16,47.31
서대문구청 주차장,2021-09-17,42.07
서대문구청 주차장,2021-09-19,21.81
서대문구청 주차장,2021-09-20,119.11
서대문구청 주차장,2021-09-21,65.05
서대문구청 주차장,2021-09-22,24.62
서대문구청 주차장,2021-09-23,73.33
서대문구청 주차장,2021-09-24,81.22
서대문구청 주차장,2021-09-25,38.74
서대문구청 주차장,2021-09-26,54.65
서대문구청 주차장,2021-09-27,53.78
서대문구청 주차장,2021-09-28,40.25
서대문구청 주차장,2021-09-29,14.93
서대문구청 주차장,2021-09-30,53.55
서대문구청 주차장,2021-10-06,39.72
서대문구청 주차장,2021-10-07,44.14
서대문구청 주차장,2021-10-08,23.41
서대문구청 주차장,2021-10-09,92.78
서대문구청 주차장,2021-10-10,18.97
서대문구청 주차장,2021-10-11,52.82
서소문청사(완속),2021-06-30,7.51
서소문청사(완속),2021-07-01,6.946
서소문청사(완속),2021-07-08,9.53
서소문청사(완속),2021-07-09,18.452
서소문청사(완속),2021-07-19,23.394
서소문청사(완속),2021-08-03,10.426
서소문청사(완속),2021-08-04,17.032
서소문청사(완속),2021-08-05,15.257
서소문청사(완속),2021-08-07,21.722
서소문청사(완속),2021-08-10,7.884
서소문청사(완속),2021-08-11,31.599
서소문청사(완속),2021-08-12,2.541
서소문청사(완속),2021-08-17,13.485
서소문청사(완속),2021-08-18,26.147
서소문청사(완속),2021-08-19,12.401
서소문청사(완속),2021-08-23,11.649
서소문청사(완속),2021-08-24,6.668
서소문청사(완속),2021-08-25,25.486
서소문청사(완속),2021-08-27,3.075
서소문청사(완속),2021-08-28,23.594
서소문청사(완속),2021-08-30,10.119
서소문청사(완속),2021-09-01,10.153
서소문청사(완속),2021-09-02,32.3
서소문청사(완속),2021-09-03,8.093
서소문청사(완속),2021-09-06,12.783
서소문청사(완속),2021-09-07,3.373
서소문청사(완속),2021-09-08,18.196
서소문청사(완속),2021-09-10,0.567
서소문청사(완속),2021-09-13,16.508
서소문청사(완속),2021-09-14,16.182
서소문청사(완속),2021-09-15,35.776
서소문청사(완속),2021-09-16,13.825
서소문청사(완속),2021-09-17,7.99
서소문청사(완속),2021-09-27,6.839
서소문청사(완속),2021-09-28,9.596
서소문청사(완속),2021-09-29,9.809
서소문청사(완속),2021-09-30,9.02
서소문청사(완속),2021-10-01,6.47
서소문청사(완속),2021-10-05,43.912
서소문청사(완속),2021-10-06,12.567
서소문청사(완속),2021-10-07,5.462
서소문청사(완속),2021-10-09,20.624
서소문청사(완속),2021-10-10,60.415
서소문청사(지상 급속),2021-06-30,84.49
서소문청사(지상 급속),2021-07-01,447.74
서소문청사(지상 급속),2021-07-02,194.29
서소문청사(지상 급속),2021-07-03,25.55
서소문청사(지상 급속),2021-07-04,112.67
서소문청사(지상 급속),2021-07-05,261.64
서소문청사(지상 급속),2021-07-06,195.6
서소문청사(지상 급속),2021-07-07,144.85
서소문청사(지상 급속),2021-07-08,173.35
서소문청사(지상 급속),2021-07-09,206.93
서소문청사(지상 급속),2021-07-10,228.9
서소문청사(지상 급속),2021-07-11,150.65
서소문청사(지상 급속),2021-07-12,152.71
서소문청사(지상 급속),2021-07-13,211.3
서소문청사(지상 급속),2021-07-14,178.6
서소문청사(지상 급속),2021-07-15,177.07
서소문청사(지상 급속),2021-07-16,253.26
서소문청사(지상 급속),2021-07-17,224.88
서소문청사(지상 급속),2021-07-18,198.35
서소문청사(지상 급속),2021-07-19,53.92
서소문청사(지상 급속),2021-07-20,95.95
서소문청사(지상 급속),2021-07-21,72.79
서소문청사(지상 급속),2021-07-22,55.71
서소문청사(지상 급속),2021-07-23,134.22
서소문청사(지상 급속),2021-07-24,227.93
서소문청사(지상 급속),2021-07-26,76.46
서소문청사(지상 급속),2021-07-27,74.82
서소문청사(지상 급속),2021-07-28,86.89
서소문청사(지상 급속),2021-07-29,108.57
서소문청사(지상 급속),2021-07-30,83.13
서소문청사(지상 급속),2021-07-31,39.08
서소문청사(지상 급속),2021-08-02,38.2
서소문청사(지상 급속),2021-08-03,124.13
서소문청사(지상 급속),2021-08-04,112.04
서소문청사(지상 급속),2021-08-05,162.25
서소문청사(지상 급속),2021-08-06,95.13
서소문청사(지상 급속),2021-08-07,52.59
서소문청사(지상 급속),2021-08-08,47.07
서소문청사(지상 급속),2021-08-09,10.28
서소문청사(지상 급속),2021-08-10,135.78
서소문청사(지상 급속),2021-08-11,93.89
서소문청사(지상 급속),2021-08-12,37.01
서소문청사(지상 급속),2021-08-13,44.4
서소문청사(지상 급속),2021-08-14,39.47
서소문청사(지상 급속),2021-08-15,36.24
서소문청사(지상 급속),2021-08-16,8.78
서소문청사(지상 급속),2021-08-17,38
서소문청사(지상 급속),2021-08-19,89.16
서소문청사(지상 급속),2021-08-21,29.23
서소문청사(지상 급속),2021-08-22,43.11
서소문청사(지상 급속),2021-08-23,82.09
서소문청사(지상 급속),2021-08-24,71.07
서소문청사(지상 급속),2021-08-25,17.82
서소문청사(지상 급속),2021-08-27,80.48
서소문청사(지상 급속),2021-08-28,10.28
서소문청사(지상 급속),2021-08-29,66.98
서소문청사(지상 급속),2021-08-30,10.26
서소문청사(지상 급속),2021-08-31,23.03
서소문청사(지상 급속),2021-09-01,24.28
서소문청사(지상 급속),2021-09-02,77.9
서소문청사(지상 급속),2021-09-03,35.2
서소문청사(지상 급속),2021-09-04,9.61
서소문청사(지상 급속),2021-09-06,84.67
서소문청사(지상 급속),2021-09-07,7.02
서소문청사(지상 급속),2021-09-08,24.71
서소문청사(지상 급속),2021-09-09,13.63
서소문청사(지상 급속),2021-09-10,1.88
서소문청사(지상 급속),2021-09-14,46.79
서소문청사(지상 급속),2021-09-15,50.3
서소문청사(지상 급속),2021-09-16,65.86
서소문청사(지상 급속),2021-09-17,42.45
서소문청사(지상 급속),2021-09-18,53.16
서소문청사(지상 급속),2021-09-23,105.82
서소문청사(지상 급속),2021-09-24,5.53
서소문청사(지상 급속),2021-09-26,54.33
서소문청사(지상 급속),2021-09-27,13.21
서소문청사(지상 급속),2021-09-28,40
서소문청사(지상 급속),2021-09-29,74.85
서소문청사(지상 급속),2021-09-30,7.66
서소문청사(지상 급속),2021-10-01,69.01
서소문청사(지상 급속),2021-10-02,87.69
서소문청사(지상 급속),2021-10-05,85.04
서소문청사(지상 급속),2021-10-06,60.77
서소문청사(지상 급속),2021-10-07,43.13
서소문청사(지상 급속),2021-10-08,41.02
서소문청사(지상 급속),2021-10-09,44.41
서소문청사(지하 급속),2021-07-01,109
서소문청사(지하 급속),2021-07-02,50.83
서소문청사(지하 급속),2021-07-03,72.95
서소문청사(지하 급속),2021-07-05,47.05
서소문청사(지하 급속),2021-07-06,77.68
서소문청사(지하 급속),2021-07-07,55.56
서소문청사(지하 급속),2021-07-08,49.21
서소문청사(지하 급속),2021-07-09,110.11
서소문청사(지하 급속),2021-07-10,42.47
서소문청사(지하 급속),2021-07-11,102.64
서소문청사(지하 급속),2021-07-12,25.08
서소문청사(지하 급속),2021-07-13,125.09
서소문청사(지하 급속),2021-07-14,27.23
서소문청사(지하 급속),2021-07-15,126.83
서소문청사(지하 급속),2021-07-16,127.08
서소문청사(지하 급속),2021-07-17,71.76
서소문청사(지하 급속),2021-07-18,31.23
서소문청사(지하 급속),2021-07-19,42.86
서소문청사(지하 급속),2021-07-20,33.21
서소문청사(지하 급속),2021-07-22,13.59
서소문청사(지하 급속),2021-07-24,30.98
서소문청사(지하 급속),2021-07-27,48.96
서소문청사(지하 급속),2021-07-29,68.46
서소문청사(지하 급속),2021-07-30,38.2
서소문청사(지하 급속),2021-07-31,29.06
서소문청사(지하 급속),2021-08-01,10.08
서소문청사(지하 급속),2021-08-02,31.19
서소문청사(지하 급속),2021-08-03,11.19
서소문청사(지하 급속),2021-08-05,30.73
서소문청사(지하 급속),2021-08-06,32.29
서소문청사(지하 급속),2021-08-10,8.07
서소문청사(지하 급속),2021-08-11,71.79
서소문청사(지하 급속),2021-08-14,50.88
서소문청사(지하 급속),2021-08-16,57.35
서소문청사(지하 급속),2021-08-17,11.54
서소문청사(지하 급속),2021-08-18,6.36
서소문청사(지하 급속),2021-08-19,27.48
서소문청사(지하 급속),2021-08-20,6.17
서소문청사(지하 급속),2021-08-21,44.52
서소문청사(지하 급속),2021-08-22,14.95
서소문청사(지하 급속),2021-08-23,5.44
서소문청사(지하 급속),2021-08-24,33.06
서소문청사(지하 급속),2021-08-25,49.44
서소문청사(지하 급속),2021-08-26,10.8
서소문청사(지하 급속),2021-08-27,99.47
서소문청사(지하 급속),2021-08-28,51.24
서소문청사(지하 급속),2021-08-30,51.63
서소문청사(지하 급속),2021-08-31,22.96
서소문청사(지하 급속),2021-09-06,19.98
서소문청사(지하 급속),2021-09-07,10.65
서소문청사(지하 급속),2021-09-08,48.77
서소문청사(지하 급속),2021-09-09,34.48
서소문청사(지하 급속),2021-09-10,59.79
서소문청사(지하 급속),2021-09-13,74.91
서소문청사(지하 급속),2021-09-14,38.22
서소문청사(지하 급속),2021-09-15,47.83
서소문청사(지하 급속),2021-09-16,11.02
서소문청사(지하 급속),2021-09-23,39.48
서소문청사(지하 급속),2021-09-26,47.45
서소문청사(지하 급속),2021-09-29,69.02
서소문청사(지하 급속),2021-09-30,38.65
서소문청사(지하 급속),2021-10-01,46.84
서소문청사(지하 급속),2021-10-07,48.01
서소문청사(지하 급속),2021-10-08,23.27
서소문청사(지하 급속),2021-10-09,48.64
서소문청사(후생동),2021-06-30,11.63
서소문청사(후생동),2021-07-01,5.61
서소문청사(후생동),2021-07-04,7.54
서소문청사(후생동),2021-07-06,11.22
서소문청사(후생동),2021-07-07,11.87
서소문청사(후생동),2021-07-08,19.34
서소문청사(후생동),2021-07-09,22.88
서소문청사(후생동),2021-07-11,11.97
서소문청사(후생동),2021-07-12,16.44
서소문청사(후생동),2021-07-13,9.84
서소문청사(후생동),2021-07-15,12.83
서소문청사(후생동),2021-07-16,19.84
서소문청사(후생동),2021-07-20,19.31
서소문청사(후생동),2021-07-21,11.34
서소문청사(후생동),2021-07-22,12.44
서소문청사(후생동),2021-07-24,11.56
서소문청사(후생동),2021-07-26,11.65
서소문청사(후생동),2021-07-27,12.29
서소문청사(후생동),2021-07-31,9.74
서소문청사(후생동),2021-08-02,19
서소문청사(후생동),2021-08-03,31.85
서소문청사(후생동),2021-08-05,16.76
서소문청사(후생동),2021-08-06,11.53
서소문청사(후생동),2021-08-09,11.88
서소문청사(후생동),2021-08-10,7.85
서소문청사(후생동),2021-08-11,12.24
서소문청사(후생동),2021-08-12,6.05
서소문청사(후생동),2021-08-13,11.49
서소문청사(후생동),2021-08-17,7.48
서소문청사(후생동),2021-08-18,4.5
서소문청사(후생동),2021-08-19,11.18
서소문청사(후생동),2021-08-20,11.5
서소문청사(후생동),2021-08-21,4.27
서소문청사(후생동),2021-08-22,4.6
서소문청사(후생동),2021-08-23,1.99
서소문청사(후생동),2021-08-24,6.01
서소문청사(후생동),2021-08-25,18.28
서소문청사(후생동),2021-08-26,6.37
서소문청사(후생동),2021-08-28,11.58
서소문청사(후생동),2021-08-31,10.46
서소문청사(후생동),2021-09-01,11.23
서소문청사(후생동),2021-09-02,14.54
서소문청사(후생동),2021-09-03,1.96
서소문청사(후생동),2021-09-04,16.14
서소문청사(후생동),2021-09-06,3.1
서소문청사(후생동),2021-09-08,10.99
서소문청사(후생동),2021-09-09,14.28
서소문청사(후생동),2021-09-13,18.5
서소문청사(후생동),2021-09-14,16.99
서소문청사(후생동),2021-09-16,6.69
서소문청사(후생동),2021-09-17,25.29
서소문청사(후생동),2021-09-20,6.83
서소문청사(후생동),2021-09-23,13.78
서소문청사(후생동),2021-09-28,12.97
서소문청사(후생동),2021-09-29,29.77
서소문청사(후생동),2021-09-30,6.36
서소문청사(후생동),2021-10-01,4.16
서소문청사(후생동),2021-10-03,11.97
서소문청사(후생동),2021-10-04,4.55
서소문청사(후생동),2021-10-07,9.25
서소문청사(후생동),2021-10-10,12.68
서소문청사(후생동),2021-10-11,20.19
서울시 본관청사(급속),2021-06-23,11.3
서울시 본관청사(급속),2021-06-25,27.68
서울시 본관청사(급속),2021-06-29,70.31
서울시 본관청사(급속),2021-06-30,23.79
서울시 본관청사(급속),2021-07-01,36.2
서울시 본관청사(급속),2021-07-05,3.49
서울시 본관청사(급속),2021-07-06,22.63
서울시 본관청사(급속),2021-07-07,5.47
서울시 본관청사(급속),2021-07-08,47.49
서울시 본관청사(급속),2021-07-09,25.71
서울시 본관청사(급속),2021-07-10,52.44
서울시 본관청사(급속),2021-07-11,25.92
서울시 본관청사(급속),2021-07-15,25.65
서울시 본관청사(급속),2021-07-17,63.39
서울시 본관청사(급속),2021-07-18,17.02
서울시 본관청사(급속),2021-07-19,21.78
서울시 본관청사(급속),2021-07-22,18.78
서울시 본관청사(급속),2021-07-23,23.49
서울시 본관청사(급속),2021-07-25,24.14
서울시 본관청사(급속),2021-07-26,33.05
서울시 본관청사(급속),2021-07-27,10.62
서울시 본관청사(급속),2021-07-28,1.18
서울시 본관청사(급속),2021-07-30,22.96
서울시 본관청사(급속),2021-08-02,25.99
서울시 본관청사(급속),2021-08-05,4.48
서울시 본관청사(급속),2021-08-07,25.59
서울시 본관청사(급속),2021-08-11,17.02
서울시 본관청사(급속),2021-08-18,26.52
서울시 본관청사(급속),2021-08-25,36.05
서울시 본관청사(급속),2021-08-27,0.57
서울시 본관청사(급속),2021-08-31,22.17
서울시 본관청사(급속),2021-09-03,6.62
서울시 본관청사(급속),2021-09-06,16.27
서울시 본관청사(급속),2021-09-07,24.29
서울시 본관청사(급속),2021-09-08,38.75
서울시 본관청사(급속),2021-09-09,1.64
서울시 본관청사(급속),2021-09-10,14.79
서울시 본관청사(급속),2021-09-14,45.22
서울시 본관청사(급속),2021-09-15,17.05
서울시 본관청사(급속),2021-09-23,56.35
서울시 본관청사(급속),2021-09-24,16.51
서울시 본관청사(급속),2021-09-26,17.08
서울시 본관청사(급속),2021-09-27,7.42
서울시 본관청사(급속),2021-09-28,26.4
서울시 본관청사(급속),2021-09-30,39.62
서울시 본관청사(급속),2021-10-01,17.07
서울시 본관청사(급속),2021-10-05,26.34
서울시 본관청사(급속),2021-10-06,9.31
서울시 본관청사(급속),2021-10-07,29.27
서울시 본관청사(급속),2021-10-08,24.68
서울시 본관청사(완속),2021-06-29,34.12
서울시 본관청사(완속),2021-06-30,39.653
서울시 본관청사(완속),2021-07-01,29.783
서울시 본관청사(완속),2021-07-02,10.572
서울시 본관청사(완속),2021-07-03,4.595
서울시 본관청사(완속),2021-07-04,30.676
서울시 본관청사(완속),2021-07-05,24.773
서울시 본관청사(완속),2021-07-06,42.847
서울시 본관청사(완속),2021-07-07,49.858
서울시 본관청사(완속),2021-07-08,19.696
서울시 본관청사(완속),2021-07-09,23.996
서울시 본관청사(완속),2021-07-10,25.293
서울시 본관청사(완속),2021-07-11,41.84
서울시 본관청사(완속),2021-07-12,25.801
서울시 본관청사(완속),2021-07-13,28.169
서울시 본관청사(완속),2021-07-14,22.436
서울시 본관청사(완속),2021-07-15,1.324
서울시 본관청사(완속),2021-07-16,15.456
서울시 본관청사(완속),2021-07-17,28.902
서울시 본관청사(완속),2021-07-18,4.339
서울시 본관청사(완속),2021-07-19,5.442
서울시 본관청사(완속),2021-07-20,12.454
서울시 본관청사(완속),2021-07-21,5.488
서울시 본관청사(완속),2021-07-22,19.351
서울시 본관청사(완속),2021-07-23,6.053
서울시 본관청사(완속),2021-07-26,18.224
서울시 본관청사(완속),2021-07-27,21.4
서울시 본관청사(완속),2021-07-28,16.497
서울시 본관청사(완속),2021-07-29,6.991
서울시 본관청사(완속),2021-07-30,17.033
서울시 본관청사(완속),2021-07-31,28.043
서울시 본관청사(완속),2021-08-01,14.262
서울시 본관청사(완속),2021-08-02,12.905
서울시 본관청사(완속),2021-08-06,5.429
서울시 본관청사(완속),2021-08-08,19.647
서울시 본관청사(완속),2021-08-09,15.332
서울시 본관청사(완속),2021-08-10,22.251
서울시 본관청사(완속),2021-08-11,6.823
서울시 본관청사(완속),2021-08-12,20.214
서울시 본관청사(완속),2021-08-13,8.882
서울시 본관청사(완속),2021-08-15,23.211
서울시 본관청사(완속),2021-08-16,5.023
서울시 본관청사(완속),2021-08-17,21.484
서울시 본관청사(완속),2021-08-18,18.276
서울시 본관청사(완속),2021-08-19,85.134
서울시 본관청사(완속),2021-08-21,9.965
서울시 본관청사(완속),2021-08-22,9.947
서울시 본관청사(완속),2021-08-23,11.413
서울시 본관청사(완속),2021-08-24,13.227
서울시 본관청사(완속),2021-08-25,11.782
서울시 본관청사(완속),2021-08-26,11.238
서울시 본관청사(완속),2021-08-28,5.195
서울시 본관청사(완속),2021-08-29,6.505
서울시 본관청사(완속),2021-08-30,34.866
서울시 본관청사(완속),2021-09-02,15.132
서울시 본관청사(완속),2021-09-03,16.052
서울시 본관청사(완속),2021-09-04,31.542
서울시 본관청사(완속),2021-09-06,14.035
서울시 본관청사(완속),2021-09-07,19.705
서울시 본관청사(완속),2021-09-08,23.112
서울시 본관청사(완속),2021-09-09,19.07
서울시 본관청사(완속),2021-09-10,11.174
서울시 본관청사(완속),2021-09-11,25.084
서울시 본관청사(완속),2021-09-12,6.867
서울시 본관청사(완속),2021-09-13,16.628
서울시 본관청사(완속),2021-09-14,32.408
서울시 본관청사(완속),2021-09-15,11.212
서울시 본관청사(완속),2021-09-16,24.266
서울시 본관청사(완속),2021-09-17,12.737
서울시 본관청사(완속),2021-09-18,26.312
서울시 본관청사(완속),2021-09-19,6.579
서울시 본관청사(완속),2021-09-22,26.307
서울시 본관청사(완속),2021-09-23,33.153
서울시 본관청사(완속),2021-09-24,11.125
서울시 본관청사(완속),2021-09-25,14.546
서울시 본관청사(완속),2021-09-26,15.338
서울시 본관청사(완속),2021-09-27,19.732
서울시 본관청사(완속),2021-09-28,8.4
서울시 본관청사(완속),2021-09-29,29.805
서울시 본관청사(완속),2021-09-30,29.819
서울시 본관청사(완속),2021-10-01,6.927
서울시 본관청사(완속),2021-10-02,36.145
서울시 본관청사(완속),2021-10-04,20.909
서울시 본관청사(완속),2021-10-05,44.035
서울시 본관청사(완속),2021-10-06,18.204
서울시 본관청사(완속),2021-10-07,27.97
서울시 본관청사(완속),2021-10-08,10.545
서울시 본관청사(완속),2021-10-10,34.239
서울시 본관청사(완속),2021-10-11,13.934
성동구청,2021-06-18,136.566
성동구청,2021-06-19,235.297
성동구청,2021-06-20,253.622
성동구청,2021-06-21,164.935
성동구청,2021-06-22,285.867
성동구청,2021-06-23,290.779
성동구청,2021-06-24,265.575
성동구청,2021-06-25,256.05
성동구청,2021-06-26,273.608
성동구청,2021-06-27,157.743
성동구청,2021-06-28,214.818
성동구청,2021-06-29,285.193
성동구청,2021-06-30,192.016
성동구청,2021-07-01,80.609
성동구청,2021-07-02,74.782
성동구청,2021-07-03,178.776
성동구청,2021-07-04,94.992
성동구청,2021-07-05,103.46
성동구청,2021-07-06,90.328
성동구청,2021-07-07,76.948
성동구청,2021-07-08,143.256
성동구청,2021-07-09,74.574
성동구청,2021-07-10,119.492
성동구청,2021-07-11,98.719
성동구청,2021-07-12,66.495
성동구청,2021-07-13,115.686
성동구청,2021-07-14,248.346
성동구청,2021-07-15,107.172
성동구청,2021-07-16,67.057
성동구청,2021-07-17,182.321
성동구청,2021-07-18,13.444
성동구청,2021-07-19,116.927
성동구청,2021-07-20,47.322
성동구청,2021-07-21,145.724
성동구청,2021-07-22,45.957
성동구청,2021-07-23,131.323
성동구청,2021-07-24,98.036
성동구청,2021-07-25,108.329
성동구청,2021-07-26,36.385
성동구청,2021-07-27,117.222
성동구청,2021-07-28,62.133
성동구청,2021-07-29,61.358
성동구청,2021-07-30,107.072
성동구청,2021-07-31,58.233
성동구청,2021-08-01,33.529
성동구청,2021-08-02,48.881
성동구청,2021-08-03,103.229
성동구청,2021-08-04,106.148
성동구청,2021-08-05,85.646
성동구청,2021-08-06,107.596
성동구청,2021-08-07,74.547
성동구청,2021-08-09,172.9
성동구청,2021-08-10,89.726
성동구청,2021-08-11,119.478
성동구청,2021-08-12,98.464
성동구청,2021-08-13,99.731
성동구청,2021-08-14,51.764
성동구청,2021-08-15,37.236
성동구청,2021-08-16,91.451
성동구청,2021-08-17,68.093
성동구청,2021-08-18,111.658
성동구청,2021-08-19,88.529
성동구청,2021-08-20,135.087
성동구청,2021-08-21,109.889
성동구청,2021-08-22,19.362
성동구청,2021-08-23,113.52
성동구청,2021-08-24,88.358
성동구청,2021-08-25,35.252
성동구청,2021-08-26,78.8
성동구청,2021-08-27,91.972
성동구청,2021-08-28,66.835
성동구청,2021-08-29,90.828
성동구청,2021-08-30,67.374
성동구청,2021-08-31,103.056
성동구청,2021-09-01,83.71
성동구청,2021-09-02,34.81
성동구청,2021-09-03,103.021
성동구청,2021-09-04,43.101
성동구청,2021-09-05,81.673
성동구청,2021-09-06,79.493
성동구청,2021-09-07,49.532
성동구청,2021-09-08,55.541
성동구청,2021-09-09,103.788
성동구청,2021-09-10,55.437
성동구청,2021-09-11,59.258
성동구청,2021-09-12,64.049
성동구청,2021-09-13,34.541
성동구청,2021-09-14,25.985
성동구청,2021-09-15,88.345
성동구청,2021-09-16,19.852
성동구청,2021-09-17,80.146
성동구청,2021-09-18,17.829
성동구청,2021-09-19,15.538
성동구청,2021-09-20,45.005
성동구청,2021-09-22,21.821
성동구청,2021-09-23,84.724
성동구청,2021-09-24,65.804
성동구청,2021-09-25,32.001
성동구청,2021-09-26,13.893
성동구청,2021-09-27,18.849
성동구청,2021-09-29,16.724
성동구청,2021-09-30,14.438
성동구청,2021-10-01,22.21
성동구청,2021-10-02,47.627
성동구청,2021-10-05,43.884
성동구청,2021-10-06,54.452
성동구청,2021-10-07,17.608
성동구청,2021-10-08,22.292
성동구청,2021-10-09,10.432
성동구청,2021-10-10,37.814
송월동차고지(급속),2021-06-30,99.01
송월동차고지(급속),2021-07-01,247.26
송월동차고지(급속),2021-07-02,120.14
송월동차고지(급속),2021-07-03,141.26
송월동차고지(급속),2021-07-04,100.39
송월동차고지(급속),2021-07-05,108.49
송월동차고지(급속),2021-07-06,18.06
송월동차고지(급속),2021-07-07,62.39
송월동차고지(급속),2021-07-08,49.05
송월동차고지(급속),2021-07-09,22.35
송월동차고지(급속),2021-07-10,45.87
송월동차고지(급속),2021-07-11,50.57
송월동차고지(급속),2021-07-12,59.71
송월동차고지(급속),2021-07-13,51.1
송월동차고지(급속),2021-07-14,105.58
송월동차고지(급속),2021-07-15,45.7
송월동차고지(급속),2021-07-16,158.4
송월동차고지(급속),2021-07-17,65.9
송월동차고지(급속),2021-07-18,79
송월동차고지(급속),2021-07-19,24.56
송월동차고지(급속),2021-07-21,23.03
송월동차고지(급속),2021-07-22,10.28
송월동차고지(급속),2021-07-24,83.8
송월동차고지(급속),2021-07-25,8.55
송월동차고지(급속),2021-07-26,10.26
송월동차고지(급속),2021-07-27,95.56
송월동차고지(급속),2021-07-28,8.13
송월동차고지(급속),2021-07-29,28.23
송월동차고지(급속),2021-07-30,41.08
송월동차고지(급속),2021-07-31,115.47
송월동차고지(급속),2021-08-02,46.48
송월동차고지(급속),2021-08-03,21.38
송월동차고지(급속),2021-08-04,94.4
송월동차고지(급속),2021-08-05,69.14
송월동차고지(급속),2021-08-06,50.56
송월동차고지(급속),2021-08-07,85.06
송월동차고지(급속),2021-08-08,36.98
송월동차고지(급속),2021-08-09,46.34
송월동차고지(급속),2021-08-10,111.02
송월동차고지(급속),2021-08-11,41.24
송월동차고지(급속),2021-08-12,32.33
송월동차고지(급속),2021-08-13,13.81
송월동차고지(급속),2021-08-14,107.55
송월동차고지(급속),2021-08-15,51.27
송월동차고지(급속),2021-08-17,34.16
송월동차고지(급속),2021-08-18,11.4
송월동차고지(급속),2021-08-19,67.8
송월동차고지(급속),2021-08-21,27.23
송월동차고지(급속),2021-08-22,17.33
송월동차고지(급속),2021-08-23,37.13
송월동차고지(급속),2021-08-24,43.66
송월동차고지(급속),2021-08-25,17.1
송월동차고지(급속),2021-08-26,38.61
송월동차고지(급속),2021-08-27,1.35
송월동차고지(급속),2021-08-28,11.86
송월동차고지(급속),2021-08-29,10.29
송월동차고지(급속),2021-08-31,82.37
송월동차고지(급속),2021-09-01,61.38
송월동차고지(급속),2021-09-02,15.35
송월동차고지(급속),2021-09-03,56.75
송월동차고지(급속),2021-09-04,30.73
송월동차고지(급속),2021-09-05,20.85
송월동차고지(급속),2021-09-07,7.76
송월동차고지(급속),2021-09-08,42.69
송월동차고지(급속),2021-09-09,50.86
송월동차고지(급속),2021-09-10,83.88
송월동차고지(급속),2021-09-11,49.3
송월동차고지(급속),2021-09-12,21.15
송월동차고지(급속),2021-09-13,27.16
송월동차고지(급속),2021-09-14,38.24
송월동차고지(급속),2021-09-15,116.74
송월동차고지(급속),2021-09-16,44.71
송월동차고지(급속),2021-09-17,30.75
송월동차고지(급속),2021-09-19,49.89
송월동차고지(급속),2021-09-20,28.2
송월동차고지(급속),2021-09-21,43.07
송월동차고지(급속),2021-09-23,42.64
송월동차고지(급속),2021-09-24,96.91
송월동차고지(급속),2021-09-25,62.09
송월동차고지(급속),2021-09-26,57.5
송월동차고지(급속),2021-09-27,84.17
송월동차고지(급속),2021-09-28,34.32
송월동차고지(급속),2021-09-29,48.03
송월동차고지(급속),2021-09-30,54.64
송월동차고지(급속),2021-10-01,72.92
송월동차고지(급속),2021-10-02,138.33
송월동차고지(급속),2021-10-03,62.56
송월동차고지(급속),2021-10-04,56.17
송월동차고지(급속),2021-10-07,162.9
송월동차고지(급속),2021-10-09,78.26
송월동차고지(급속),2021-10-10,32.24
송월동차고지(급속),2021-10-11,26.13
송월동차고지(완속),2021-06-30,28.385
송월동차고지(완속),2021-07-01,49.487
송월동차고지(완속),2021-07-02,26.595
송월동차고지(완속),2021-07-05,40.658
송월동차고지(완속),2021-07-06,55.195
송월동차고지(완속),2021-07-07,47.787
송월동차고지(완속),2021-07-08,50.645
송월동차고지(완속),2021-07-09,49.121
송월동차고지(완속),2021-07-12,41.143
송월동차고지(완속),2021-07-13,71.204
송월동차고지(완속),2021-07-14,19.224
송월동차고지(완속),2021-07-15,33.996
송월동차고지(완속),2021-07-16,62.685
송월동차고지(완속),2021-07-19,36.031
송월동차고지(완속),2021-07-20,33.077
송월동차고지(완속),2021-07-21,59.422
송월동차고지(완속),2021-07-22,56.972
송월동차고지(완속),2021-07-23,5.698
송월동차고지(완속),2021-07-26,16.037
송월동차고지(완속),2021-07-27,45.518
송월동차고지(완속),2021-07-29,5.695
송월동차고지(완속),2021-07-30,14.276
송월동차고지(완속),2021-08-02,75.375
송월동차고지(완속),2021-08-03,26.142
송월동차고지(완속),2021-08-04,27.616
송월동차고지(완속),2021-08-05,31.647
송월동차고지(완속),2021-08-06,29.862
송월동차고지(완속),2021-08-09,45.074
송월동차고지(완속),2021-08-10,43.34
송월동차고지(완속),2021-08-11,34.889
송월동차고지(완속),2021-08-12,56.966
송월동차고지(완속),2021-08-13,43.552
송월동차고지(완속),2021-08-17,46.799
송월동차고지(완속),2021-08-18,40.163
송월동차고지(완속),2021-08-19,37.743
송월동차고지(완속),2021-08-20,44.124
송월동차고지(완속),2021-08-23,43.431
송월동차고지(완속),2021-08-24,37.933
송월동차고지(완속),2021-08-25,43.521
송월동차고지(완속),2021-08-26,34.159
송월동차고지(완속),2021-08-27,37.75
송월동차고지(완속),2021-08-30,74.578
송월동차고지(완속),2021-08-31,41.774
송월동차고지(완속),2021-09-01,37.342
송월동차고지(완속),2021-09-02,49.686
송월동차고지(완속),2021-09-03,24.041
송월동차고지(완속),2021-09-04,13.035
송월동차고지(완속),2021-09-06,34.413
송월동차고지(완속),2021-09-07,38.519
송월동차고지(완속),2021-09-08,32.297
송월동차고지(완속),2021-09-09,43.26
송월동차고지(완속),2021-09-10,45.926
송월동차고지(완속),2021-09-13,44.157
송월동차고지(완속),2021-09-14,45.443
송월동차고지(완속),2021-09-15,43.217
송월동차고지(완속),2021-09-16,40.598
송월동차고지(완속),2021-09-17,55.954
송월동차고지(완속),2021-09-19,12.634
송월동차고지(완속),2021-09-20,7.537
송월동차고지(완속),2021-09-21,13.197
송월동차고지(완속),2021-09-23,40.299
송월동차고지(완속),2021-09-24,43.909
송월동차고지(완속),2021-09-27,46.145
송월동차고지(완속),2021-09-28,42.09
송월동차고지(완속),2021-09-29,36.049
송월동차고지(완속),2021-09-30,38.208
송월동차고지(완속),2021-10-01,40.787
송월동차고지(완속),2021-10-05,42.054
송월동차고지(완속),2021-10-06,42.943
송월동차고지(완속),2021-10-08,39.571
송월동차고지(완속),2021-10-09,12.44
송월동차고지(완속),2021-10-10,12.841
양재솔라스테이션,2021-06-22,76.9
양재솔라스테이션,2021-07-08,88.05
양재솔라스테이션,2021-07-09,1162.619
양재솔라스테이션,2021-07-10,1119.127
양재솔라스테이션,2021-07-11,1038.159
양재솔라스테이션,2021-07-12,1337.749
양재솔라스테이션,2021-07-13,1144.659
양재솔라스테이션,2021-07-14,1349.219
양재솔라스테이션,2021-07-15,1465.038
양재솔라스테이션,2021-07-16,1536.21
양재솔라스테이션,2021-07-17,1281.817
양재솔라스테이션,2021-07-18,962.538
양재솔라스테이션,2021-07-19,1054.915
양재솔라스테이션,2021-07-20,930.776
양재솔라스테이션,2021-07-21,977.813
양재솔라스테이션,2021-07-22,1146.51
양재솔라스테이션,2021-07-23,1114.568
양재솔라스테이션,2021-07-24,1255.99
양재솔라스테이션,2021-07-25,1066.806
양재솔라스테이션,2021-07-26,1069.003
양재솔라스테이션,2021-07-27,1178.444
양재솔라스테이션,2021-07-28,1058.117
양재솔라스테이션,2021-07-29,1227.793
양재솔라스테이션,2021-07-30,1277.636
양재솔라스테이션,2021-07-31,1175.465
양재솔라스테이션,2021-08-01,1006.551
양재솔라스테이션,2021-08-02,1172.544
양재솔라스테이션,2021-08-03,1084.592
양재솔라스테이션,2021-08-04,1108.197
양재솔라스테이션,2021-08-05,1332.187
양재솔라스테이션,2021-08-06,1204.507
양재솔라스테이션,2021-08-07,1218.406
양재솔라스테이션,2021-08-08,1119.131
양재솔라스테이션,2021-08-09,1341.192
양재솔라스테이션,2021-08-10,1208.219
양재솔라스테이션,2021-08-11,1260.021
양재솔라스테이션,2021-08-12,1316.943
양재솔라스테이션,2021-08-13,1411.205
양재솔라스테이션,2021-08-14,1092.619
양재솔라스테이션,2021-08-15,523.039
양재솔라스테이션,2021-08-16,568.028
양재솔라스테이션,2021-08-17,556.12
양재솔라스테이션,2021-08-18,260.989
양천구청,2021-06-17,161.254
양천구청,2021-06-18,297.947
양천구청,2021-06-19,218.804
양천구청,2021-06-20,260.693
양천구청,2021-06-21,262.016
양천구청,2021-06-22,273.369
양천구청,2021-06-23,313.385
양천구청,2021-06-24,392.656
양천구청,2021-06-25,405.083
양천구청,2021-06-26,407.955
양천구청,2021-06-27,289.359
양천구청,2021-06-28,362.787
양천구청,2021-06-29,235.836
양천구청,2021-06-30,265.874
양천구청,2021-07-01,103.919
양천구청,2021-07-02,158.967
양천구청,2021-07-03,130.528
양천구청,2021-07-04,182.367
양천구청,2021-07-05,46.59
양천구청,2021-07-06,77.275
양천구청,2021-07-07,162.486
양천구청,2021-07-08,203.622
양천구청,2021-07-09,226.401
양천구청,2021-07-10,267.669
양천구청,2021-07-11,325.567
양천구청,2021-07-12,129.789
양천구청,2021-07-13,276.586
양천구청,2021-07-14,309.69
양천구청,2021-07-15,203.253
양천구청,2021-07-16,220.177
양천구청,2021-07-17,138.104
양천구청,2021-07-18,230.399
양천구청,2021-07-19,63.522
양천구청,2021-07-20,170.543
양천구청,2021-07-21,205.349
양천구청,2021-07-22,148.626
양천구청,2021-07-23,187.291
양천구청,2021-07-24,14.705
양천구청,2021-07-25,64.517
양천구청,2021-07-26,15.495
양천구청,2021-07-27,86.864
양천구청,2021-07-28,123.121
양천구청,2021-07-29,89.835
양천구청,2021-07-30,118.072
양천구청,2021-07-31,102.905
양천구청,2021-08-01,63.624
양천구청,2021-08-02,137.442
양천구청,2021-08-03,54.39
양천구청,2021-08-04,127.991
양천구청,2021-08-05,151.845
양천구청,2021-08-06,111.057
양천구청,2021-08-07,85.209
양천구청,2021-08-08,85.984
양천구청,2021-08-09,112.091
양천구청,2021-08-10,95.981
양천구청,2021-08-11,72.206
양천구청,2021-08-12,150.702
양천구청,2021-08-13,90.832
양천구청,2021-08-14,171.83
양천구청,2021-08-16,132.749
양천구청,2021-08-17,18.823
양천구청,2021-08-18,42.837
양천구청,2021-08-19,83.262
양천구청,2021-08-20,92.909
양천구청,2021-08-21,41.582
양천구청,2021-08-22,5.996
양천구청,2021-08-23,61.827
양천구청,2021-08-24,156.784
양천구청,2021-08-25,128.969
양천구청,2021-08-26,90.893
양천구청,2021-08-27,110.591
양천구청,2021-08-28,179.079
양천구청,2021-08-29,113.749
양천구청,2021-08-30,121.313
양천구청,2021-08-31,105.453
양천구청,2021-09-01,95.555
양천구청,2021-09-02,79.398
양천구청,2021-09-03,41.504
양천구청,2021-09-04,21.193
양천구청,2021-09-05,71.097
양천구청,2021-09-06,54.206
양천구청,2021-09-07,67.421
양천구청,2021-09-08,171.447
양천구청,2021-09-09,169.339
양천구청,2021-09-10,133.597
양천구청,2021-09-11,60.997
양천구청,2021-09-12,115.235
양천구청,2021-09-13,154.316
양천구청,2021-09-14,135.601
양천구청,2021-09-15,83.509
양천구청,2021-09-16,26.239
양천구청,2021-09-17,71.062
양천구청,2021-09-18,76.682
양천구청,2021-09-19,97.796
양천구청,2021-09-20,91.612
양천구청,2021-09-21,63.307
양천구청,2021-09-22,68.501
양천구청,2021-09-23,131.036
양천구청,2021-09-24,86.27
양천구청,2021-09-25,74.292
양천구청,2021-09-26,166.274
양천구청,2021-09-27,62.75
양천구청,2021-09-28,66.192
양천구청,2021-09-29,105.805
양천구청,2021-09-30,100.449
양천구청,2021-10-01,127.503
양천구청,2021-10-02,140.319
양천구청,2021-10-03,97.772
양천구청,2021-10-04,85.068
양천구청,2021-10-05,116.31
양천구청,2021-10-06,62.025
양천구청,2021-10-07,135.678
양천구청,2021-10-08,98.561
양천구청,2021-10-09,153.029
양천구청,2021-10-10,75.869
양천구청,2021-10-11,50.603
어린이대공원 후문주차장,2021-06-24,42.66
어린이대공원 후문주차장,2021-06-26,49.44
어린이대공원 후문주차장,2021-06-27,52.94
어린이대공원 후문주차장,2021-06-28,49.64
어린이대공원 후문주차장,2021-06-29,140.08
어린이대공원 후문주차장,2021-06-30,95.63
어린이대공원 후문주차장,2021-07-01,181.16
어린이대공원 후문주차장,2021-07-02,99.27
어린이대공원 후문주차장,2021-07-03,113.48
어린이대공원 후문주차장,2021-07-04,27
어린이대공원 후문주차장,2021-07-05,147.33
어린이대공원 후문주차장,2021-07-06,160.82
어린이대공원 후문주차장,2021-07-07,157.04
어린이대공원 후문주차장,2021-07-08,140.55
어린이대공원 후문주차장,2021-07-09,259.3
어린이대공원 후문주차장,2021-07-10,91.75
어린이대공원 후문주차장,2021-07-11,119.64
어린이대공원 후문주차장,2021-07-12,218.3
어린이대공원 후문주차장,2021-07-13,214.42
어린이대공원 후문주차장,2021-07-14,172.67
어린이대공원 후문주차장,2021-07-15,203.91
어린이대공원 후문주차장,2021-07-16,198.8
어린이대공원 후문주차장,2021-07-17,258.38
어린이대공원 후문주차장,2021-07-18,115.02
어린이대공원 후문주차장,2021-07-20,48.42
어린이대공원 후문주차장,2021-07-21,45.21
어린이대공원 후문주차장,2021-07-22,87.65
어린이대공원 후문주차장,2021-07-23,36.93
어린이대공원 후문주차장,2021-07-24,138.3
어린이대공원 후문주차장,2021-07-25,54.75
어린이대공원 후문주차장,2021-07-26,118.57
어린이대공원 후문주차장,2021-07-27,67.88
어린이대공원 후문주차장,2021-07-29,108.42
어린이대공원 후문주차장,2021-07-30,23.44
어린이대공원 후문주차장,2021-07-31,154.84
어린이대공원 후문주차장,2021-08-02,26.56
어린이대공원 후문주차장,2021-08-03,79.08
어린이대공원 후문주차장,2021-08-04,106.89
어린이대공원 후문주차장,2021-08-05,106.58
어린이대공원 후문주차장,2021-08-06,146.1
어린이대공원 후문주차장,2021-08-07,48.39
어린이대공원 후문주차장,2021-08-08,79.8
어린이대공원 후문주차장,2021-08-09,38.22
어린이대공원 후문주차장,2021-08-10,195.85
어린이대공원 후문주차장,2021-08-11,116.77
어린이대공원 후문주차장,2021-08-12,132.58
어린이대공원 후문주차장,2021-08-13,99.4
어린이대공원 후문주차장,2021-08-14,155
어린이대공원 후문주차장,2021-08-15,71.59
어린이대공원 후문주차장,2021-08-16,66.62
어린이대공원 후문주차장,2021-08-17,143.02
어린이대공원 후문주차장,2021-08-18,123.59
어린이대공원 후문주차장,2021-08-19,111.82
어린이대공원 후문주차장,2021-08-20,187.3
어린이대공원 후문주차장,2021-08-21,62.65
어린이대공원 후문주차장,2021-08-22,83.81
어린이대공원 후문주차장,2021-08-23,72.23
어린이대공원 후문주차장,2021-08-24,180.84
어린이대공원 후문주차장,2021-08-25,194.9
어린이대공원 후문주차장,2021-08-26,41.75
어린이대공원 후문주차장,2021-08-27,196.17
어린이대공원 후문주차장,2021-08-28,88.87
어린이대공원 후문주차장,2021-08-29,18.16
어린이대공원 후문주차장,2021-08-31,62.1
어린이대공원 후문주차장,2021-09-01,76.15
어린이대공원 후문주차장,2021-09-02,191.83
어린이대공원 후문주차장,2021-09-03,37.34
어린이대공원 후문주차장,2021-09-04,55.11
어린이대공원 후문주차장,2021-09-05,106.71
어린이대공원 후문주차장,2021-09-06,119.95
어린이대공원 후문주차장,2021-09-07,68.26
어린이대공원 후문주차장,2021-09-08,151.61
어린이대공원 후문주차장,2021-09-09,163.9
어린이대공원 후문주차장,2021-09-10,165.24
어린이대공원 후문주차장,2021-09-11,49.23
어린이대공원 후문주차장,2021-09-12,150.58
어린이대공원 후문주차장,2021-09-13,134.86
어린이대공원 후문주차장,2021-09-14,185.01
어린이대공원 후문주차장,2021-09-15,98.05
어린이대공원 후문주차장,2021-09-16,105.73
어린이대공원 후문주차장,2021-09-17,214.06
어린이대공원 후문주차장,2021-09-18,83.99
어린이대공원 후문주차장,2021-09-19,86.61
어린이대공원 후문주차장,2021-09-20,65.73
어린이대공원 후문주차장,2021-09-21,24.89
어린이대공원 후문주차장,2021-09-22,108.11
어린이대공원 후문주차장,2021-09-23,112.33
어린이대공원 후문주차장,2021-09-24,74.32
어린이대공원 후문주차장,2021-09-25,118.66
어린이대공원 후문주차장,2021-09-26,81.59
어린이대공원 후문주차장,2021-09-27,103.34
어린이대공원 후문주차장,2021-09-28,154.92
어린이대공원 후문주차장,2021-09-29,82.13
어린이대공원 후문주차장,2021-09-30,119.84
어린이대공원 후문주차장,2021-10-01,184.25
어린이대공원 후문주차장,2021-10-02,107.38
어린이대공원 후문주차장,2021-10-03,41.27
어린이대공원 후문주차장,2021-10-04,106.38
어린이대공원 후문주차장,2021-10-05,117.02
어린이대공원 후문주차장,2021-10-06,77.88
어린이대공원 후문주차장,2021-10-07,84.47
어린이대공원 후문주차장,2021-10-08,75.42
어린이대공원 후문주차장,2021-10-09,43.2
어린이대공원 후문주차장,2021-10-10,74.65
어린이대공원 후문주차장,2021-10-11,19.78
중랑구청,2021-07-02,199.85
중랑구청,2021-07-03,224.62
중랑구청,2021-07-04,155.88
중랑구청,2021-07-05,209.65
중랑구청,2021-07-06,147.76
중랑구청,2021-07-07,177
중랑구청,2021-07-08,165.27
중랑구청,2021-07-09,145.13
중랑구청,2021-07-10,19.59
중랑구청,2021-07-11,265.92
중랑구청,2021-07-12,154.48
중랑구청,2021-07-13,275.19
중랑구청,2021-07-14,376.06
중랑구청,2021-07-15,256.35
중랑구청,2021-07-16,402.06
중랑구청,2021-07-17,280.14
중랑구청,2021-07-18,434.19
중랑구청,2021-07-19,227.55
중랑구청,2021-07-20,123.65
중랑구청,2021-07-21,217.66
중랑구청,2021-07-22,53.54
중랑구청,2021-07-23,28.23
중랑구청,2021-07-24,54.99
중랑구청,2021-07-25,235.76
중랑구청,2021-07-26,200.24
중랑구청,2021-07-27,146.23
중랑구청,2021-07-28,132.29
중랑구청,2021-07-29,175.38
중랑구청,2021-07-30,108.94
중랑구청,2021-07-31,232.13
중랑구청,2021-08-01,166.32
중랑구청,2021-08-02,222.19
중랑구청,2021-08-03,121.49
중랑구청,2021-08-04,66.88
중랑구청,2021-08-05,115.39
중랑구청,2021-08-06,204.92
중랑구청,2021-08-07,189.99
중랑구청,2021-08-08,34.17
중랑구청,2021-08-09,169.09
중랑구청,2021-08-10,134.54
중랑구청,2021-08-11,62.11
중랑구청,2021-08-12,290.8
중랑구청,2021-08-13,297.29
중랑구청,2021-08-14,120.1
중랑구청,2021-08-15,22.04
중랑구청,2021-08-16,211.53
중랑구청,2021-08-17,82.89
중랑구청,2021-08-18,54.7
중랑구청,2021-08-19,236.84
중랑구청,2021-08-20,129.77
중랑구청,2021-08-21,314.28
중랑구청,2021-08-22,187.71
중랑구청,2021-08-23,147.46
중랑구청,2021-08-24,144.24
중랑구청,2021-08-25,110.06
중랑구청,2021-08-26,128.8
중랑구청,2021-08-27,270.92
중랑구청,2021-08-28,192.09
중랑구청,2021-08-29,156.61
중랑구청,2021-08-30,52.69
중랑구청,2021-08-31,193.57
중랑구청,2021-09-01,236.87
중랑구청,2021-09-02,218.64
중랑구청,2021-09-03,118.6
중랑구청,2021-09-04,162.98
중랑구청,2021-09-05,143.11
중랑구청,2021-09-06,131.82
중랑구청,2021-09-07,124.96
중랑구청,2021-09-08,162.49
중랑구청,2021-09-09,105.33
중랑구청,2021-09-10,225.08
중랑구청,2021-09-11,140.53
중랑구청,2021-09-12,9.57
중랑구청,2021-09-13,130.62
중랑구청,2021-09-14,231.27
중랑구청,2021-09-15,283.7
중랑구청,2021-09-16,93.64
중랑구청,2021-09-17,189.62
중랑구청,2021-09-23,183.2
중랑구청,2021-09-24,100.67
중랑구청,2021-09-25,148.17
중랑구청,2021-09-26,16.01
중랑구청,2021-09-27,76.02
중랑구청,2021-09-28,196.96
중랑구청,2021-09-29,75.46
중랑구청,2021-09-30,193.69
중랑구청,2021-10-01,207.73
중랑구청,2021-10-02,79.72
중랑구청,2021-10-03,119.63
중랑구청,2021-10-04,141.8
중랑구청,2021-10-05,208.75
중랑구청,2021-10-06,29.07
중랑구청,2021-10-07,84.66
중랑구청,2021-10-08,217.21
중랑구청,2021-10-09,155.37
중랑구청,2021-10-10,228.55
중랑구청,2021-10-11,150.41
중화1동 공영주차장,2021-07-29,6.83
중화1동 공영주차장,2021-08-25,0.35
중화1동 공영주차장,2021-09-23,12.36
중화1동 공영주차장,2021-09-27,13.41
중화1동 공영주차장,2021-09-29,26.49
중화1동 공영주차장,2021-10-05,16.04
중화1동 공영주차장,2021-10-08,1.57
창동역 공영주차장,2021-06-24,0.55
창동역 공영주차장,2021-06-29,50.15
창동역 공영주차장,2021-06-30,66.51
창동역 공영주차장,2021-07-02,1.52
창동역 공영주차장,2021-07-06,2.7
창동역 공영주차장,2021-07-07,26.25
창동역 공영주차장,2021-07-11,20.19
창동역 공영주차장,2021-07-14,24.14
창동역 공영주차장,2021-07-20,48.89
창동역 공영주차장,2021-07-21,58.52
창동역 공영주차장,2021-07-22,36.01
창동역 공영주차장,2021-07-23,29.09
창동역 공영주차장,2021-07-24,12.42
창동역 공영주차장,2021-07-26,110.11
창동역 공영주차장,2021-07-28,17.02
창동역 공영주차장,2021-07-29,17.03
창동역 공영주차장,2021-07-30,42.93
창동역 공영주차장,2021-07-31,35.96
창동역 공영주차장,2021-08-01,49.64
창동역 공영주차장,2021-08-02,28.98
창동역 공영주차장,2021-08-04,41.16
창동역 공영주차장,2021-08-06,23.05
창동역 공영주차장,2021-08-09,17.01
창동역 공영주차장,2021-08-10,17.02
창동역 공영주차장,2021-08-11,17.03
창동역 공영주차장,2021-08-12,12.22
창동역 공영주차장,2021-08-14,54.38
창동역 공영주차장,2021-08-15,27.23
창동역 공영주차장,2021-08-16,6.95
창동역 공영주차장,2021-08-17,96.52
창동역 공영주차장,2021-08-18,17.04
창동역 공영주차장,2021-08-19,12.1
창동역 공영주차장,2021-08-20,14.26
창동역 공영주차장,2021-08-21,38.02
창동역 공영주차장,2021-08-22,14.67
창동역 공영주차장,2021-08-23,35.36
창동역 공영주차장,2021-08-24,10.57
창동역 공영주차장,2021-08-28,48.15
창동역 공영주차장,2021-09-03,17.05
창동역 공영주차장,2021-09-04,45.38
창동역 공영주차장,2021-09-05,27.29
창동역 공영주차장,2021-09-06,24.63
창동역 공영주차장,2021-09-10,22.22
창동역 공영주차장,2021-09-11,50.37
창동역 공영주차장,2021-09-12,21.95
창동역 공영주차장,2021-09-15,15.18
창동역 공영주차장,2021-09-16,27.37
창동역 공영주차장,2021-09-17,25.39
창동역 공영주차장,2021-09-18,64.65
창동역 공영주차장,2021-09-20,38.66
창동역 공영주차장,2021-09-21,27.67
창동역 공영주차장,2021-09-22,29.42
창동역 공영주차장,2021-09-26,37.45
창동역 공영주차장,2021-09-28,6.99
창동역 공영주차장,2021-10-03,28.09
창동역 공영주차장,2021-10-04,27.75
창동역 공영주차장,2021-10-05,25.45
창동역 공영주차장,2021-10-06,22.03
창동역 공영주차장,2021-10-08,29.64
창동역 공영주차장,2021-10-09,31.06
창동역 공영주차장,2021-10-10,23.36
천호역 공영주차장,2021-06-16,1.873
천호역 공영주차장,2021-06-29,0.743
천호역 공영주차장,2021-06-30,4.018
천호역 공영주차장,2021-07-07,12.062
천호역 공영주차장,2021-07-08,11.735
천호역 공영주차장,2021-07-09,8.689
천호역 공영주차장,2021-07-11,1.445
천호역 공영주차장,2021-07-13,15.377
천호역 공영주차장,2021-07-15,25.889
천호역 공영주차장,2021-07-16,11.549
천호역 공영주차장,2021-07-17,35.144
천호역 공영주차장,2021-07-18,7.554
천호역 공영주차장,2021-07-20,49.884
천호역 공영주차장,2021-07-22,29.174
천호역 공영주차장,2021-07-24,9.008
천호역 공영주차장,2021-07-25,16.731
천호역 공영주차장,2021-07-26,0.82
천호역 공영주차장,2021-07-27,29.576
천호역 공영주차장,2021-07-28,20.816
천호역 공영주차장,2021-07-29,6.833
천호역 공영주차장,2021-07-30,20.439
천호역 공영주차장,2021-07-31,21.821
천호역 공영주차장,2021-08-01,13.031
천호역 공영주차장,2021-08-03,17.516
천호역 공영주차장,2021-08-05,7.889
천호역 공영주차장,2021-08-08,8.487
천호역 공영주차장,2021-08-09,20.785
천호역 공영주차장,2021-08-10,23.899
천호역 공영주차장,2021-08-11,8.181
천호역 공영주차장,2021-08-12,6.78
천호역 공영주차장,2021-08-13,6.868
천호역 공영주차장,2021-08-15,5.481
천호역 공영주차장,2021-08-16,16.609
천호역 공영주차장,2021-08-18,5.963
천호역 공영주차장,2021-08-19,29.329
천호역 공영주차장,2021-08-23,26.654
천호역 공영주차장,2021-08-24,3.416
천호역 공영주차장,2021-08-26,20.19
천호역 공영주차장,2021-08-29,33.412
천호역 공영주차장,2021-08-30,6.837
홍제1동 공용주차장,2021-07-01,108.49
홍제1동 공용주차장,2021-07-02,219.59
홍제1동 공용주차장,2021-07-03,96.2
홍제1동 공용주차장,2021-07-04,54.51
홍제1동 공용주차장,2021-07-05,135.66
홍제1동 공용주차장,2021-07-06,199.83
홍제1동 공용주차장,2021-07-07,152.03
홍제1동 공용주차장,2021-07-08,284.32
홍제1동 공용주차장,2021-07-09,152.87
홍제1동 공용주차장,2021-07-10,213.09
홍제1동 공용주차장,2021-07-11,88.65
홍제1동 공용주차장,2021-07-12,180.83
홍제1동 공용주차장,2021-07-13,293.05
홍제1동 공용주차장,2021-07-14,216.99
홍제1동 공용주차장,2021-07-15,255.44
홍제1동 공용주차장,2021-07-16,392.9
홍제1동 공용주차장,2021-07-17,256.47
홍제1동 공용주차장,2021-07-18,73.6
홍제1동 공용주차장,2021-07-19,311.36
홍제1동 공용주차장,2021-07-20,200.74
홍제1동 공용주차장,2021-07-21,304.89
홍제1동 공용주차장,2021-07-22,414.72
홍제1동 공용주차장,2021-07-23,171.81
홍제1동 공용주차장,2021-07-24,247.26
홍제1동 공용주차장,2021-07-25,46.34
홍제1동 공용주차장,2021-07-26,290.24
홍제1동 공용주차장,2021-07-27,282.75
홍제1동 공용주차장,2021-07-28,136.02
홍제1동 공용주차장,2021-07-29,265.31
홍제1동 공용주차장,2021-07-30,126.71
홍제1동 공용주차장,2021-07-31,111.11
홍제1동 공용주차장,2021-08-01,53.34
홍제1동 공용주차장,2021-08-02,94.71
홍제1동 공용주차장,2021-08-03,200.05
홍제1동 공용주차장,2021-08-04,173.27
홍제1동 공용주차장,2021-08-05,208.38
홍제1동 공용주차장,2021-08-06,248.8
홍제1동 공용주차장,2021-08-07,121.22
홍제1동 공용주차장,2021-08-08,57.54
홍제1동 공용주차장,2021-08-09,225.33
홍제1동 공용주차장,2021-08-10,198.47
홍제1동 공용주차장,2021-08-11,239.5
홍제1동 공용주차장,2021-08-12,179.32
홍제1동 공용주차장,2021-08-13,203.61
홍제1동 공용주차장,2021-08-14,145.3
홍제1동 공용주차장,2021-08-15,67.49
홍제1동 공용주차장,2021-08-16,202.58
홍제1동 공용주차장,2021-08-17,49.65
홍제1동 공용주차장,2021-08-18,134.27
홍제1동 공용주차장,2021-08-19,209.93
홍제1동 공용주차장,2021-08-20,199.01
홍제1동 공용주차장,2021-08-21,241.45
홍제1동 공용주차장,2021-08-22,19.8
홍제1동 공용주차장,2021-08-23,174.12
홍제1동 공용주차장,2021-08-24,112.74
홍제1동 공용주차장,2021-08-25,276.11
홍제1동 공용주차장,2021-08-26,169.98
홍제1동 공용주차장,2021-08-27,294.06
홍제1동 공용주차장,2021-08-28,244.5
홍제1동 공용주차장,2021-08-29,85.32
홍제1동 공용주차장,2021-08-30,185.73
홍제1동 공용주차장,2021-08-31,159.07
홍제1동 공용주차장,2021-09-01,307.64
홍제1동 공용주차장,2021-09-02,116.83
홍제1동 공용주차장,2021-09-07,119.23
홍제1동 공용주차장,2021-09-08,42.58
홍제1동 공용주차장,2021-09-10,332.43
홍제1동 공용주차장,2021-09-11,41.08
홍제1동 공용주차장,2021-09-12,129.87
홍제1동 공용주차장,2021-09-13,242.21
홍제1동 공용주차장,2021-09-14,194.26
홍제1동 공용주차장,2021-09-15,216.92
홍제1동 공용주차장,2021-09-16,339.57
홍제1동 공용주차장,2021-09-17,158.01
홍제1동 공용주차장,2021-09-18,145.7
홍제1동 공용주차장,2021-09-19,79.68
홍제1동 공용주차장,2021-09-20,106.28
홍제1동 공용주차장,2021-09-21,29.33
홍제1동 공용주차장,2021-09-22,98.51
홍제1동 공용주차장,2021-09-23,198.16
홍제1동 공용주차장,2021-09-24,240.89
홍제1동 공용주차장,2021-09-25,255.77
홍제1동 공용주차장,2021-09-26,112.47
홍제1동 공용주차장,2021-09-27,313.04
홍제1동 공용주차장,2021-09-28,155.3
홍제1동 공용주차장,2021-09-29,195.68
홍제1동 공용주차장,2021-09-30,157.31
홍제1동 공용주차장,2021-10-01,280.62
홍제1동 공용주차장,2021-10-02,203.81
홍제1동 공용주차장,2021-10-03,157.97
홍제1동 공용주차장,2021-10-04,179.8
홍제1동 공용주차장,2021-10-05,159.39
홍제1동 공용주차장,2021-10-06,164.04
홍제1동 공용주차장,2021-10-07,245.24
홍제1동 공용주차장,2021-10-08,171.29
홍제1동 공용주차장,2021-10-09,101.95
홍제1동 공용주차장,2021-10-10,59.75
홍제1동 공용주차장,2021-10-11,218.62
