"객체id","현황도형 관리번호","도형 대분류코드","도형 중분류코드","도형 소분류코드","도형 속성코드","도형 조서관리 코드","결정고시관리코드","라벨명","시군구코드","도면번호","현황도형 생성일시","면적(도형)","길이(도형)"
"53537","11305UQ171PS202206020001","UQQ900"," "," ","UQQ900","11305EZZ202205120001","11000NTC202205230001","개발행위허가제한지역","11305"," ","2022-06-02 00:00:00.0","144598.55093832","2237.44895257"
"53536","11170UQ171PS202204260002","UQQ900"," "," ","UQQ900","11170EZZ202204200002","11170NTC202204200004","개발행위허가제한지역","11170"," ","2022-04-26 00:00:00.0","16295.27566018","727.40105987"
"53535","11170UQ171PS202204260001","UQQ900"," "," ","UQQ900","11170EZZ202204200001","11170NTC202204200004","개발행위허가제한지역","11170"," ","2022-04-26 00:00:00.0","90221.33819033","1688.57216329"
"53534","11440UQ171PS202103100001","UQQ900"," "," ","UQQ900","11440EZZ202103030001","11440NTC202103030005","개발행위허가제한지역","11440"," ","2021-03-10 00:00:00.0","57050.90353054","1476.96962810"
"53533","11000UQ171PS202009210001","UQQ900"," "," ","UQQ900","11000EZZ202009180001","11650NTC202009180004","개발행위허가제한지역","11000"," ","2020-09-21 00:00:00.0","67168.40155123","1473.74747906"
"53532","11170UQ171PS202203150001","UQQ900"," "," ","UQQ900","11170EZZ202201250001","11170NTC202201250002","개발행위허가제한지역","11170"," ","2022-03-15 00:00:00.0","197724.47954879","3740.54970476"
"53531","11710UQ171PS202201120001","UQQ900"," "," ","UQQ900","11710EZZ202201070001","11710NTC202201070002","오금지구중심 지구단위계획구역","11710"," ","2022-01-12 00:00:00.0","227876.04362139","2263.31712932"
"53530","11440UQ171PS202201050001","UQQ900"," "," ","UQQ900","11440EZZ202201030001","11440NTC202201030002","개발행위허가제한지역","11440"," ","2022-01-05 00:00:00.0","25748.40005549","1033.52504859"
"53529","11440UQ171PS202110150001","UQQ900"," "," ","UQQ900","11440EZZ202110070001","11440NTC202110070002","개발행위허가제한지역","11440"," ","2021-10-15 00:00:00.0","69869.93202041","1967.28954686"
"53528","11590UQ171PS202101260001","UQQ900"," "," ","UQQ900","11590EZZ202101250001","11590NTC202101250005","개발행위허가제한지역","11590"," ","2021-01-26 00:00:00.0","2568.63264334","248.12832307"
"53527","11260UQ171PS202203150001","UQQ900"," "," ","UQQ900","11260EZZ202203140001","11140NTC202203140002","행위제한","11260"," ","2022-03-15 00:00:00.0","60060.84528099","1424.12097208"
"53526","11170UQ171PS202112150001","UQQ900"," "," ","UQQ900","11170EZZ202111260001","11170NTC202112130003","효창공원.남영역세권 행위제한","11170"," ","2021-12-15 00:00:00.0","94143.11823687","2182.28495775"
"53525","11170UQ171PS202008210001","UQQ900"," "," ","UQQ900","11170EZZ202008200001","11170NTC202008200004","개발행위허가제한지역","11170"," ","2020-08-21 00:00:00.0","321339.18376173","3104.10570478"
"53524","11440UQ171PS202101050001","UQQ900"," "," ","UQQ900","11440EZZ202101050002","11440NTC202101050004","개발행위허가제한지역","11440"," ","2021-01-05 00:00:00.0","48652.81265050","882.18333874"
"53523","11320UQ171PS202109300001","UQQ900"," "," ","UQQ900","11320EZZ202109280001","11320NTC202109280006","개발행위허가제한지역","11320"," ","2021-09-30 00:00:00.0","11389.26012200","522.08350858"
"53522","11470UQ171PS202104210001","UQQ900"," "," ","UQQ900","11470EZZ202104200001","11000NTC202104200004","개발행위허가제한지역","11470"," ","2021-04-21 00:00:00.0","44014.24636231","1004.64703629"
"53521","11110UQ171PS201909260001","UQQ900"," "," ","UQQ900","11110EZZ201905270001","11110NTC201905270002","개발행위허가제한구역","11110"," ","2019-09-26 00:00:00.0","89083.22164650","1367.71997070"
"53520","11000UQ171PS201912150343","UQQ900"," "," ","UQQ900","11000EZZ201911110076","11000NTC201910251152","4.19사거리 지구단위계획 수립지","11000"," ","2019-12-15 00:00:00.0","86600.74162110","1497.57995605"
"53519","11000UQ171PS201912150342","UQQ900"," "," ","UQQ900","11000EZZ201911110075","11000NTC201910251152","우이초교사거리 지구단위계획 수립지","11000"," ","2019-12-15 00:00:00.0","72094.98298430","1373.89001465"
"53518","11000UQ171PS201912150341","UQQ900"," "," ","UQQ900","11000EZZ201705042171","11000NTC201703308051","옥인1 주택재개발구역","11000"," ","2019-12-15 00:00:00.0","30265.52998070","901.05297852"
"53517","11000UQ171PS201912150340","UQQ900"," "," ","UQQ900","11000EZZ201903130309","11000NTC201901310036","개발행위허가제한지역","11000"," ","2019-12-15 00:00:00.0","23171.07722410","915.96398926"
"53516","11000UQ171PS201912150339","UQQ900"," "," ","UQQ900","11000EZZ201903130001","11000NTC201903132810","개발행위허가제한지역","11000"," ","2019-12-15 00:00:00.0","71569.90747890","1380.32995605"
"53515","11000UQ171PS201912150338","UQQ900"," "," ","UQQ900","11000EZZ201903130001","11000NTC201903132810","개발행위허가제한지역","11000"," ","2019-12-15 00:00:00.0","71569.90747890","1380.32995605"
"53514","11000UQ171PS201912150337","UQQ900"," "," ","UQQ900","11000EZZ201903210306","11000NTC201902220021","화계사입구사거리 지구단위계획구역수립지","11000"," ","2019-12-15 00:00:00.0","111177.30333800","1516.97998047"
"53513","11000UQ171PS201912150336","UQQ900"," "," ","UQQ900","11000EZZ201903210305","11000NTC201902220021","삼양사거리 지구단위계획구역수립지","11000"," ","2019-12-15 00:00:00.0","92724.94765220","1837.80004883"
"53512","11230UQ171PS202203110001","UQQ900"," "," ","UQQ900","11230EZZ202203020001","11230NTC202203020001","행위제한","11230"," ","2022-03-11 00:00:00.0","44548.95195036","1072.89748715"
"53511","11230UQ171PS202011230002","UQQ900"," "," ","UQQ900","11230EZZ202011120001","11230NTC202011120004","개발행위허가제한지역","11230"," ","2020-11-23 00:00:00.0","150140.45406248","3510.78768573"
"53510","11230UQ171PS202011230001","UQQ900"," "," ","UQQ900","11230EZZ202011120001","11230NTC202011120004","개발행위허가제한지역","11230"," ","2020-11-23 00:00:00.0","150140.45406248","3510.78768573"
"53509","11710UQ171PS202008270001","UQQ900"," "," ","UQQ900","11710EZZ202008040001","11000NTC202008040027","개발행위허가제한지역","11710"," ","2020-08-27 00:00:00.0","83226.26579695","1898.64466545"
"53508","11000UQ171PS202007300001","UQQ900"," "," ","UQQ900","11000EZZ202007080001","11620NTC202007080002","개발행위허가제한지역","11000"," ","2020-07-30 00:00:00.0","57957.41392990","1359.85751736"
"53507","11000UQ171PS201912150319","UQQ900"," "," ","UQQ900","11000EZZ201805312205","11000NTC201803300001","장위8구역","11000"," ","2019-12-15 00:00:00.0","24717.78992110","2513.33007813"
"53506","11000UQ171PS201912150317","UQQ900"," "," ","UQQ900","11000EZZ201803132195","11000NTC201801048367","개발행위허가제한지역","11000"," ","2019-12-15 00:00:00.0","25489.54693490","743.88000488"
"53505","11000UQ171PS201912150316","UQQ900"," "," ","UQQ900","11000EZZ201709052191","11000NTC201705118110","장위8구역","11000"," ","2019-12-15 00:00:00.0","121831.51674500","1702.71997070"
"53504","11000UQ171PS201912150315","UQQ900"," "," ","UQQ900","11000EZZ201806282211","11000NTC201805240156","방이1 지구단위계획(안) 개발행위허가 제","11000"," ","2019-12-15 00:00:00.0","3755.95088028","249.86700439"
"53503","11000UQ171PS201912150313","UQQ900"," "," ","UQQ900","11000EZZ201707252181","11000NTC201507027525","개발행위허가제한지역","11000"," ","2019-12-15 00:00:00.0","34572.84014790","2130.53002930"
"53502","11000UQ171PS201912150312","UQQ900"," "," ","UQQ900","11000EZZ201806282213","11000NTC201805240156","방이2지구 지구단위계획(안) 개발행위허가 제","11000"," ","2019-12-15 00:00:00.0","86138.43308340","1264.11999512"
"53501","11000UQ171PS201912150310","UQQ900"," "," ","UQQ900","11000EZZ000000001711"," ","개발행위허가제한지역","11000"," ","2019-12-15 00:00:00.0","2246.80111351","213.20199585"
"53500","11000UQ171PS201912150309","UQQ900"," "," ","UQQ900","11000EZZ000000001711"," ","개발행위허가제한지역","11000"," ","2019-12-15 00:00:00.0","628158.84534800","7144.85986328"
"53499","11000UQ171PS201912150308","UQQ900"," "," ","UQQ900","11000EZZ200910061884","11000NTC200909243870","개발행위허가제한지역","11000"," ","2019-12-15 00:00:00.0","2806.41014771","237.57600403"
"53498","11000UQ171PS201912150307","UQQ900"," "," ","UQQ900","11000EZZ201006071962","11000NTC201005134922","개발행위허가제한지역","11000"," ","2019-12-15 00:00:00.0","34963.23867530","842.86700439"
"53497","11000UQ171PS201912150306","UQQ900"," "," ","UQQ900","11000EZZ000000001711"," ","개발행위허가제한지역","11000"," ","2019-12-15 00:00:00.0","242908.20933600","5580.16015625"
"53496","11000UQ171PS201912150324","UQQ900"," "," ","UQQ900","11000EZZ201210302098","11000NTC201209206632","개발행위허가제한","11000"," ","2019-12-15 00:00:00.0","1107611.53728000","13713.50000000"
"53495","11000UQ171PS201912150323","UQQ900"," "," ","UQQ900","11000EZZ201004061942","11000NTC201003104602","개발행위허가제한지역","11000"," ","2019-12-15 00:00:00.0","41000.03052640","998.56500244"
"53494","11000UQ171PS201912150320","UQQ900"," "," ","UQQ900","11000EZZ201806282212","11000NTC201805240156","배명지구 지구단위계획(안) 개발행위허가 제한","11000"," ","2019-12-15 00:00:00.0","65370.46726090","1105.46997070"
"53493","11000UQ171PS201912150305","UQQ900"," "," ","UQQ900","11000EZZ000000001711"," ","개발행위허가제한지역","11000"," ","2019-12-15 00:00:00.0","2534.29367232","243.35499573"
"53492","11000UQ171PS201912150304","UQQ900"," "," ","UQQ900","11000EZZ200812231752","11000NTC200811202367","개발행위허가제한지역","11000"," ","2019-12-15 00:00:00.0","9998.95319396","513.29199219"
"53491","11000UQ171PS201912150303","UQQ900"," "," ","UQQ900","11000EZZ000000001711"," ","개발행위허가제한지역","11000"," ","2019-12-15 00:00:00.0","714.93260497","113.27300262"
"53490","11000UQ171PS201912150335","UQQ900"," "," ","UQQ900","11000EZZ201010072010","11000NTC201008125276","개발행위허가제한지역","11000"," ","2019-12-15 00:00:00.0","14102.76020050","776.71301270"
"53489","11000UQ171PS201912150334","UQQ900"," "," ","UQQ900","11000EZZ201004151945","11000NTC201004154773","개발행위허가제한지역","11000"," ","2019-12-15 00:00:00.0","72247.15042330","1309.35998535"
"53488","11000UQ171PS201912150332","UQQ900"," "," ","UQQ900","11000EZZ000000001711"," ","개발행위허가제한지역","11000"," ","2019-12-15 00:00:00.0","300.37920060","73.74040222"
"53487","11000UQ171PS201912150331","UQQ900"," "," ","UQQ900","11000EZZ000000001711"," ","개발행위허가제한지역","11000"," ","2019-12-15 00:00:00.0","2840.27850559","231.19400024"
"53486","11000UQ171PS201912150330","UQQ900"," "," ","UQQ900","11000EZZ000000001711"," ","개발행위허가제한지역","11000"," ","2019-12-15 00:00:00.0","382773.48879500","4623.10009766"
"53485","11000UQ171PS201912150329","UQQ900"," "," ","UQQ900","11000EZZ000000001711"," ","개발행위허가제한지역","11000"," ","2019-12-15 00:00:00.0","266.62216625","66.00499725"
"53484","11000UQ171PS201912150328","UQQ900"," "," ","UQQ900","11000EZZ200910061883","11000NTC200909243870","개발행위허가제한지역","11000"," ","2019-12-15 00:00:00.0","18900.16269590","815.73199463"
"53483","11000UQ171PS201912150327","UQQ900"," "," ","UQQ900","11000EZZ201007051983","11000NTC201005134922","개발행위허가제한지역","11000"," ","2019-12-15 00:00:00.0","108212.86718200","1781.18994141"
"53482","11000UQ171PS201912150326","UQQ900"," "," ","UQQ900","11000EZZ201203132058","11000NTC201202236415","개발행위제한지역(총계)","11000"," ","2019-12-15 00:00:00.0","563423.55259900","5775.66992188"
"53481","11000UQ171PS201912150325","UQQ900"," "," ","UQQ900","11000EZZ000000001711"," ","개발행위허가제한지역","11000"," ","2019-12-15 00:00:00.0","16833.55271650","543.89898682"
"53480","11000UQ171PS201912150302","UQQ900"," "," ","UQQ900","11000EZZ200812241768","11000NTC200901022595","답십리 245번지외 2개소 제1종지구단위계획 구역지정","11000"," ","2019-12-15 00:00:00.0","7396.86533610","479.38299561"
"53479","11000UQ171PS201912150301","UQQ900"," "," ","UQQ900","11000EZZ000000001711"," ","개발행위허가제한지역","11000"," ","2019-12-15 00:00:00.0","1214.42449165","224.77200317"
"53478","11000UQ171PS201912150300","UQQ900"," "," ","UQQ900","11000EZZ201006231973","11000NTC201006175052","개발행위허가제한지역","11000"," ","2019-12-15 00:00:00.0","11310.47521990","650.88500977"
"53477","11000UQ171PS201912150299","UQQ900"," "," ","UQQ900","11000EZZ201111232042","11000NTC201101285894","개발행위허가제한지역","11000"," ","2019-12-15 00:00:00.0","16994.19296530","756.93701172"
"53476","11000UQ171PS201912150298","UQQ900"," "," ","UQQ900","11000EZZ200906041855","11000NTC200902032739","개발행위허가제한지역","11000"," ","2019-12-15 00:00:00.0","24078.51295460","647.55700684"
"53475","11000UQ171PS201912150297","UQQ900"," "," ","UQQ900","11000EZZ000000001711"," ","개발행위허가제한지역","11000"," ","2019-12-15 00:00:00.0","86.34257969","49.13539886"
"53474","11000UQ171PS201912150296","UQQ900"," "," ","UQQ900","11000EZZ200812231757","11000NTC200811202367","개발행위허가제한지역","11000"," ","2019-12-15 00:00:00.0","10566.16275910","498.34399414"
"53473","11000UQ171PS201912150295","UQQ900"," "," ","UQQ900","11000EZZ200812121742","11000NTC200812022409","양평제13도시환경정비예정구역","11000"," ","2019-12-15 00:00:00.0","27489.59347130","680.48602295"
"53472","11000UQ171PS201912150294","UQQ900"," "," ","UQQ900","11000EZZ201005191957","11000NTC201005134922","개발행위허가제한지역","11000"," ","2019-12-15 00:00:00.0","69049.80923150","1777.13000488"
"53471","11000UQ171PS201912150293","UQQ900"," "," ","UQQ900","11000EZZ000000001711"," ","개발행위허가제한지역","11000"," ","2019-12-15 00:00:00.0","3042.06453970","226.02299500"
"53470","11000UQ171PS201912150292","UQQ900"," "," ","UQQ900","11000EZZ200812121740","11000NTC200810162271","개발행위허가제한지역","11000"," ","2019-12-15 00:00:00.0","23953.43672630","963.97998047"
"53469","11000UQ171PS201912150291","UQQ900"," "," ","UQQ900","11000EZZ200912141893","11000NTC200912104218","개발행위허가의 제한 변경 및 지형도면 고시","11000"," ","2019-12-15 00:00:00.0","133203.81185200","2237.55004883"
"53468","11000UQ171PS201912150290","UQQ900"," "," ","UQQ900","11000EZZ000000001711"," ","개발행위허가제한지역","11000"," ","2019-12-15 00:00:00.0","111153.05455300","1803.89001465"
"53467","11000UQ171PS201912150289","UQQ900"," "," ","UQQ900","11000EZZ201008091995","11000NTC201007165185","미아제11 주택재개발정비사업","11000"," ","2019-12-15 00:00:00.0","35890.17377860","1006.75000000"
"53466","11000UQ171PS201912150288","UQQ900"," "," ","UQQ900","11000EZZ201611142146","11000NTC201608267859","주택재건축(은마아파트)","11000"," ","2019-12-15 00:00:00.0","243525.07149000","1972.71997070"
"53465","11000UQ171PS201912150287","UQQ900"," "," ","UQQ900","11000EZZ000000001711"," ","개발행위허가제한지역","11000"," ","2019-12-15 00:00:00.0","197044.54531100","2775.87011719"
"53464","11000UQ171PS201912150286","UQQ900"," "," ","UQQ900","11000EZZ000000001711"," ","개발행위허가제한지역","11000"," ","2019-12-15 00:00:00.0","457745.16576000","5345.97021484"
"53463","11000UQ171PS201912150077","UQQ900"," "," ","UQQ900","11000EZZ000000001711"," ","개발행위허가제한지역","11000"," ","2019-12-15 00:00:00.0","6628.48221538","351.93099976"
"53462","11000UQ171PS201912150076","UQQ900"," "," ","UQQ900","11000EZZ000000001711"," ","개발행위허가제한지역","11000"," ","2019-12-15 00:00:00.0","1102.69434769","205.99000549"
"53461","11000UQ171PS201912150075","UQQ900"," "," ","UQQ900","11000EZZ000000001711"," ","개발행위허가제한지역","11000"," ","2019-12-15 00:00:00.0","16223.32000020","499.98999023"
"53460","11000UQ171PS201912150074","UQQ900"," "," ","UQQ900","11000EZZ000000001711"," ","개발행위허가제한지역","11000"," ","2019-12-15 00:00:00.0","81086.53353130","1247.05004883"
"53459","11000UQ171PS201912150118","UQQ900"," "," ","UQQ900","11000EZZ200912181897","11000NTC200912174264","개발행위허가제한지역","11000"," ","2019-12-15 00:00:00.0","81087.68036710","1227.90002441"
"53458","11000UQ171PS201912150117","UQQ900"," "," ","UQQ900","11000EZZ200812231758","11000NTC200811202367","개발행위허가제한지역","11000"," ","2019-12-15 00:00:00.0","27603.40072070","670.62701416"
"53457","11000UQ171PS201912150116","UQQ900"," "," ","UQQ900","11000EZZ201110042036","11000NTC201110056257","행위제한지역","11000"," ","2019-12-15 00:00:00.0","30478.74512700","721.96997070"
"53456","11000UQ171PS201912150115","UQQ900"," "," ","UQQ900","11000EZZ000000001711"," ","개발행위허가제한지역","11000"," ","2019-12-15 00:00:00.0","67518.01033470","1491.60998535"
"53455","11000UQ171PS201912150114","UQQ900"," "," ","UQQ900","11000EZZ000000001711"," ","개발행위허가제한지역","11000"," ","2019-12-15 00:00:00.0","119675.90950700","1787.83996582"
"53454","11000UQ171PS201912150113","UQQ900"," "," ","UQQ900","11000EZZ000000001711"," ","개발행위허가제한지역","11000"," ","2019-12-15 00:00:00.0","708068.90641000","5337.00000000"
"53453","11000UQ171PS201912150112","UQQ900"," "," ","UQQ900","11000EZZ200901121778","11000NTC200901092675","개발행위허가제한","11000"," ","2019-12-15 00:00:00.0","48027.87036710","1021.15997314"
"53452","11000UQ171PS201912150111","UQQ900"," "," ","UQQ900","11000EZZ201010072008","11000NTC201008125276","개발행위허가제한지역","11000"," ","2019-12-15 00:00:00.0","3430.43269483","364.52200317"
"53451","11000UQ171PS201912150109","UQQ900"," "," ","UQQ900","11000EZZ200812231753","11000NTC200811202367","개발행위허가제한지역","11000"," ","2019-12-15 00:00:00.0","25194.88646290","805.25897217"
"53450","11000UQ171PS201912150108","UQQ900"," "," ","UQQ900","11000EZZ200912181899","11000NTC200912174264","개발행위허가제한지역","11000"," ","2019-12-15 00:00:00.0","5632.59547184","337.94100952"
"53449","11000UQ171PS201912150107","UQQ900"," "," ","UQQ900","11000EZZ201006071965","11000NTC201005134922","개발행위허가제한지역","11000"," ","2019-12-15 00:00:00.0","22108.18024990","776.33099365"
"53448","11000UQ171PS201912150106","UQQ900"," "," ","UQQ900","11000EZZ000000001711"," ","개발행위허가제한지역","11000"," ","2019-12-15 00:00:00.0","3113.36080774","336.18399048"
"53447","11000UQ171PS201912150105","UQQ900"," "," ","UQQ900","11000EZZ000000001711"," ","개발행위허가제한지역","11000"," ","2019-12-15 00:00:00.0","2370.68321249","196.44000244"
"53446","11000UQ171PS201912150104","UQQ900"," "," ","UQQ900","11000EZZ201007051985","11000NTC201005134922","개발행위허가제한지역","11000"," ","2019-12-15 00:00:00.0","12484.51229490","464.79699707"
"53445","11000UQ171PS201912150103","UQQ900"," "," ","UQQ900","11000EZZ000000001711"," ","개발행위허가제한지역","11000"," ","2019-12-15 00:00:00.0","42360.83857240","908.66601563"
"53444","11000UQ171PS201912150073","UQQ900"," "," ","UQQ900","11000EZZ201611232157","11000NTC201606027792","수서택재개발지구 지구단위구역내","11000"," ","2019-12-15 00:00:00.0","3070.48852387","404.63101196"
"53443","11000UQ171PS201912150072","UQQ900"," "," ","UQQ900","11000EZZ000000001711"," ","개발행위허가제한지역","11000"," ","2019-12-15 00:00:00.0","2210.76086819","239.01300049"
"53442","11000UQ171PS201912150071","UQQ900"," "," ","UQQ900","11000EZZ200901141784","11000NTC200901152681","방배동 주택재건축사업 예정지역","11000"," ","2019-12-15 00:00:00.0","15588.21326460","493.83401489"
"53441","11000UQ171PS201912150070","UQQ900"," "," ","UQQ900","11000EZZ200812231759","11000NTC200811202367","개발행위허가제한지역","11000"," ","2019-12-15 00:00:00.0","25588.63096040","921.04797363"
"53440","11000UQ171PS201912150069","UQQ900"," "," ","UQQ900","11000EZZ000000001711"," ","개발행위허가제한지역","11000"," ","2019-12-15 00:00:00.0","114.47661499","51.58689880"
"53439","11000UQ171PS201912150068","UQQ900"," "," ","UQQ900","11000EZZ201704182164","11000NTC201702168013","개발행위허가제한","11000"," ","2019-12-15 00:00:00.0","57074.17210440","1096.06005859"
"53438","11000UQ171PS201912150067","UQQ900"," "," ","UQQ900","11000EZZ000000001711"," ","개발행위허가제한지역","11000"," ","2019-12-15 00:00:00.0","327.49690959","84.35160065"
"53437","11000UQ171PS201912150066","UQQ900"," "," ","UQQ900","11000EZZ201611142148","11000NTC201608267859","주택재건축정비(개포주공6단지)","11000"," ","2019-12-15 00:00:00.0","56170.99716620","1037.28002930"
"53436","11000UQ171PS201912150065","UQQ900"," "," ","UQQ900","11000EZZ000000001711"," ","개발행위허가제한지역","11000"," ","2019-12-15 00:00:00.0","732.98686650","144.55000305"
"53435","11000UQ171PS201912150064","UQQ900"," "," ","UQQ900","11000EZZ201011022015","11000NTC201009095373","신영동 단독주택지 주택재건축정비예정구역","11000"," ","2019-12-15 00:00:00.0","48373.55797750","1038.25000000"
"53434","11000UQ171PS201912150063","UQQ900"," "," ","UQQ900","11000EZZ000000001711"," ","개발행위허가제한지역","11000"," ","2019-12-15 00:00:00.0","319753.01235300","3027.43994141"
"53433","11000UQ171PS201912150062","UQQ900"," "," ","UQQ900","11000EZZ200901301803","11000NTC200901152681","방배동 주택재건축사업 예정지역","11000"," ","2019-12-15 00:00:00.0","17362.98769280","543.97998047"
"53432","11000UQ171PS201912150061","UQQ900"," "," ","UQQ900","11000EZZ000000001711"," ","개발행위허가제한지역","11000"," ","2019-12-15 00:00:00.0","811.07601069","123.73100281"
"53431","11000UQ171PS201912150060","UQQ900"," "," ","UQQ900","11000EZZ201704182162","11000NTC201612227968","개발행위허가제한","11000"," ","2019-12-15 00:00:00.0","65465.20291290","1683.98999023"
"53430","11000UQ171PS201912150059","UQQ900"," "," ","UQQ900","11000EZZ000000001711"," ","개발행위허가제한지역","11000"," ","2019-12-15 00:00:00.0","1029.59214279","128.33299255"
"53429","11000UQ171PS201912150058","UQQ900"," "," ","UQQ900","11000EZZ000000001711"," ","개발행위허가제한지역","11000"," ","2019-12-15 00:00:00.0","991.22643580","180.51699829"
"53428","11000UQ171PS201912150057","UQQ900"," "," ","UQQ900","11000EZZ200906021838","11000NTC200905073280","문배업무지구","11000"," ","2019-12-15 00:00:00.0","87999.23690790","1356.76000977"
"53427","11000UQ171PS201912150056","UQQ900"," "," ","UQQ900","11000EZZ000000001711"," ","개발행위허가제한지역","11000"," ","2019-12-15 00:00:00.0","511.32741439","96.80249786"
"53426","11000UQ171PS201912150055","UQQ900"," "," ","UQQ900","11000EZZ000000001711"," ","개발행위허가제한지역","11000"," ","2019-12-15 00:00:00.0","987.22638504","125.12699890"
"53425","11000UQ171PS201912150054","UQQ900"," "," ","UQQ900","11000EZZ000000001711"," ","개발행위허가제한지역","11000"," ","2019-12-15 00:00:00.0","5186.59806112","332.17999268"
"53424","11000UQ171PS201912150053","UQQ900"," "," ","UQQ900","11000EZZ200812121739","11000NTC200810162271","개발행위허가제한지역","11000"," ","2019-12-15 00:00:00.0","19268.63827460","970.58398438"
"53423","11000UQ171PS201912150052","UQQ900"," "," ","UQQ900","11000EZZ000000001711"," ","개발행위허가제한지역","11000"," ","2019-12-15 00:00:00.0","1577.78165811","189.07000732"
"53422","11000UQ171PS201912150051","UQQ900"," "," ","UQQ900","11000EZZ201511112134","11000NTC201509217596","개발행위허가제한지역","11000"," ","2019-12-15 00:00:00.0","90406.60213340","1350.23999023"
"53421","11000UQ171PS201912150050","UQQ900"," "," ","UQQ900","11000EZZ200809241704","11000NTC200804101905","용산국제업무지구 특별계획구역 조성계획","11000"," ","2019-12-15 00:00:00.0","99064.26760240","1809.61999512"
"53420","11000UQ171PS201912150178","UQQ900"," "," ","UQQ900","11000EZZ000000001711"," ","개발행위허가제한지역","11000"," ","2019-12-15 00:00:00.0","94.36663020","45.75899887"
"53419","11000UQ171PS201912150177","UQQ900"," "," ","UQQ900","11000EZZ201005141947","11000NTC201005124905","개발행위허가제한지역 1","11000"," ","2019-12-15 00:00:00.0","85231.92652770","1305.35998535"
"53418","11000UQ171PS201912150049","UQQ900"," "," ","UQQ900","11000EZZ000000001711"," ","개발행위허가제한지역","11000"," ","2019-12-15 00:00:00.0","599.21667323","104.50199890"
"53417","11000UQ171PS201912150048","UQQ900"," "," ","UQQ900","11000EZZ000000001711"," ","개발행위허가제한지역","11000"," ","2019-12-15 00:00:00.0","19693.58981390","740.10498047"
"53416","11000UQ171PS201912150027","UQQ900"," "," ","UQQ900","11000EZZ200901301805","11000NTC200901152681","방배동 주택재건축사업 예정지역","11000"," ","2019-12-15 00:00:00.0","23123.91061820","605.86401367"
"53415","11000UQ171PS201912150026","UQQ900"," "," ","UQQ900","11000EZZ000000001711"," ","개발행위허가제한지역","11000"," ","2019-12-15 00:00:00.0","1658.04620223","183.11000061"
"53414","11000UQ171PS201912150047","UQQ900"," "," ","UQQ900","11000EZZ200901141782","11000NTC200901152681","방배동 주택재건축사업 예정지역","11000"," ","2019-12-15 00:00:00.0","63748.38576060","1231.31005859"
"53413","11000UQ171PS201912150046","UQQ900"," "," ","UQQ900","11000EZZ200901301797","11000NTC200901152681","방배동 주택재건축사업 예정지역","11000"," ","2019-12-15 00:00:00.0","22111.17481030","636.54400635"
"53412","11000UQ171PS201912150045","UQQ900"," "," ","UQQ900","11000EZZ000000001711"," ","개발행위허가제한지역","11000"," ","2019-12-15 00:00:00.0","335.94719950","73.84380341"
"53411","11000UQ171PS201912150044","UQQ900"," "," ","UQQ900","11000EZZ000000001711"," ","개발행위허가제한지역","11000"," ","2019-12-15 00:00:00.0","6818.99320790","391.06298828"
"53410","11000UQ171PS201912150043","UQQ900"," "," ","UQQ900","11000EZZ000000001711"," ","개발행위허가제한지역","11000"," ","2019-12-15 00:00:00.0","2143.36289823","190.43699646"
"53409","11000UQ171PS201912150041","UQQ900"," "," ","UQQ900","11000EZZ000000001711"," ","개발행위허가제한지역","11000"," ","2019-12-15 00:00:00.0","5814.11165723","453.68701172"
"53408","11000UQ171PS201912150040","UQQ900"," "," ","UQQ900","11000EZZ200812231765","11000NTC200811202367","개발행위허가제한지역","11000"," ","2019-12-15 00:00:00.0","23257.82492360","867.96899414"
"53407","11000UQ171PS201912150039","UQQ900"," "," ","UQQ900","11000EZZ201007051990","11000NTC201005134922","개발행위허가제한지역","11000"," ","2019-12-15 00:00:00.0","13302.04846500","544.21697998"
"53406","11000UQ171PS201912150038","UQQ900"," "," ","UQQ900","11000EZZ000000001711"," ","개발행위허가제한지역","11000"," ","2019-12-15 00:00:00.0","110.24142821","59.66730118"
"53405","11000UQ171PS201912150037","UQQ900"," "," ","UQQ900","11000EZZ201006071963","11000NTC201005134922","개발행위허가제한지역","11000"," ","2019-12-15 00:00:00.0","20946.01131450","671.18499756"
"53404","11000UQ171PS201912150036","UQQ900"," "," ","UQQ900","11000EZZ201010072006","11000NTC201008125276","개발행위허가제한지역","11000"," ","2019-12-15 00:00:00.0","5145.02569461","364.41198730"
"53403","11000UQ171PS201912150035","UQQ900"," "," ","UQQ900","11000EZZ000000001711"," ","개발행위허가제한지역","11000"," ","2019-12-15 00:00:00.0","50.69419294","34.10789871"
"53402","11000UQ171PS201912150034","UQQ900"," "," ","UQQ900","11000EZZ000000001711"," ","개발행위허가제한지역","11000"," ","2019-12-15 00:00:00.0","478.84612180","89.82109833"
"53401","11000UQ171PS201912150033","UQQ900"," "," ","UQQ900","11000EZZ201005141948","11000NTC201005124905","개방행위허가제한지역 2","11000"," ","2019-12-15 00:00:00.0","72942.34835770","1245.60998535"
"53400","11000UQ171PS201912150032","UQQ900"," "," ","UQQ900","11000EZZ000000001711"," ","개발행위허가제한지역","11000"," ","2019-12-15 00:00:00.0","896431.99113600","8599.37011719"
"53399","11000UQ171PS201912150031","UQQ900"," "," ","UQQ900","11000EZZ200906021839","11000NTC200905073280","용산우체국 뒤","11000"," ","2019-12-15 00:00:00.0","6497.32913033","401.97900391"
"53398","11000UQ171PS201912150030","UQQ900"," "," ","UQQ900","11000EZZ000000001711"," ","개발행위허가제한지역","11000"," ","2019-12-15 00:00:00.0","79277.71332670","1695.03002930"
"53397","11000UQ171PS201912150029","UQQ900"," "," ","UQQ900","11000EZZ000000001711"," ","개발행위허가제한지역","11000"," ","2019-12-15 00:00:00.0","1096.11763925","134.78700256"
"53396","11000UQ171PS201912150028","UQQ900"," "," ","UQQ900","11000EZZ201006071966","11000NTC201005134922","개발행위허가제한지역","11000"," ","2019-12-15 00:00:00.0","24401.47713470","799.79199219"
"53395","11000UQ171PS201912150025","UQQ900"," "," ","UQQ900","11000EZZ201010072007","11000NTC201008125276","개발행위허가제한지역","11000"," ","2019-12-15 00:00:00.0","15044.69106920","874.85101318"
"53394","11000UQ171PS201912150024","UQQ900"," "," ","UQQ900","11000EZZ200901021772","11000NTC200810302309","개발행위허가제한지역","11000"," ","2019-12-15 00:00:00.0","32033.59608220","977.09301758"
"53393","11000UQ171PS201912150023","UQQ900"," "," ","UQQ900","11000EZZ000000001711"," ","개발행위허가제한지역","11000"," ","2019-12-15 00:00:00.0","24302.66217710","822.69396973"
"53392","11000UQ171PS201912150022","UQQ900"," "," ","UQQ900","11000EZZ201511122136","11000NTC201508207573","개발행위허가제한지역","11000"," ","2019-12-15 00:00:00.0","137739.11728700","3623.87988281"
"53391","11000UQ171PS201912150021","UQQ900"," "," ","UQQ900","11000EZZ000000001711"," ","개발행위허가제한지역","11000"," ","2019-12-15 00:00:00.0","3166.20812010","272.40200806"
"53390","11000UQ171PS201912150020","UQQ900"," "," ","UQQ900","11000EZZ000000001711"," ","개발행위허가제한지역","11000"," ","2019-12-15 00:00:00.0","1157.22292651","207.21200562"
"53389","11000UQ171PS201912150019","UQQ900"," "," ","UQQ900","11000EZZ000000001711"," ","개발행위허가제한지역","11000"," ","2019-12-15 00:00:00.0","408.20885047","85.33370209"
"53388","11000UQ171PS201912150018","UQQ900"," "," ","UQQ900","11000EZZ000000001711"," ","개발행위허가제한지역","11000"," ","2019-12-15 00:00:00.0","1760.32998360","291.43798828"
"53387","11000UQ171PS201912150017","UQQ900"," "," ","UQQ900","11000EZZ200812231751","11000NTC200811202367","개발행위허가제한지역","11000"," ","2019-12-15 00:00:00.0","14359.74306510","550.92797852"
"53386","11000UQ171PS201912150016","UQQ900"," "," ","UQQ900","11000EZZ000000001711"," ","개발행위허가제한지역","11000"," ","2019-12-15 00:00:00.0","107.14863379","69.58249664"
"53385","11000UQ171PS201912150015","UQQ900"," "," ","UQQ900","11000EZZ000000001711"," ","개발행위허가제한지역","11000"," ","2019-12-15 00:00:00.0","127946.23584100","1689.07995605"
"53384","11000UQ171PS201912150014","UQQ900"," "," ","UQQ900","11000EZZ201611142147","11000NTC201608267859","주택재건축(우성아파트)","11000"," ","2019-12-15 00:00:00.0","88904.79320240","1492.68005371"
"53383","11000UQ171PS201912150013","UQQ900"," "," ","UQQ900","11000EZZ200912181898","11000NTC200912174264","개발행위허가제한지역","11000"," ","2019-12-15 00:00:00.0","9120.87920223","449.44198608"
"53382","11000UQ171PS201912150012","UQQ900"," "," ","UQQ900","11000EZZ000000001711"," ","개발행위허가제한지역","11000"," ","2019-12-15 00:00:00.0","329.67262740","79.13939667"
"53381","11000UQ171PS201912150011","UQQ900"," "," ","UQQ900","11000EZZ201611142144","11000NTC201608267859","주택재건축(개포주공5단지)","11000"," ","2019-12-15 00:00:00.0","55863.53399470","978.87298584"
"53380","11000UQ171PS201912150010","UQQ900"," "," ","UQQ900","11000EZZ000000001711"," ","개발행위허가제한지역","11000"," ","2019-12-15 00:00:00.0","400.12289206","139.39900208"
"53379","11000UQ171PS201912150009","UQQ900"," "," ","UQQ900","11000EZZ201006241975","11000NTC201006215054","개발행위허가제한지역","11000"," ","2019-12-15 00:00:00.0","82079.74460450","1406.83996582"
"53378","11000UQ171PS201912150008","UQQ900"," "," ","UQQ900","11000EZZ000000001711"," ","개발행위허가제한지역","11000"," ","2019-12-15 00:00:00.0","1771.00513597","168.52299500"
"53377","11000UQ171PS201912150007","UQQ900"," "," ","UQQ900","11000EZZ000000001711"," ","개발행위허가제한지역","11000"," ","2019-12-15 00:00:00.0","363193.73357100","3169.67993164"
"53376","11000UQ171PS201912150006","UQQ900"," "," ","UQQ900","11000EZZ200812231756","11000NTC200811202367","개발행위허가제한지역","11000"," ","2019-12-15 00:00:00.0","9689.90323101","538.42602539"
"53375","11000UQ171PS201912150005","UQQ900"," "," ","UQQ900","11000EZZ000000001711"," ","개발행위허가제한지역","11000"," ","2019-12-15 00:00:00.0","6097.49865091","407.38500977"
"53374","11000UQ171PS201912150004","UQQ900"," "," ","UQQ900","11000EZZ201005141946","11000NTC201005134919","개발행위허가제한지역","11000"," ","2019-12-15 00:00:00.0","211358.61557400","2330.64990234"
"53373","11000UQ171PS201912150218","UQQ900"," "," ","UQQ900","11000EZZ000000001711"," ","개발행위허가제한지역","11000"," ","2019-12-15 00:00:00.0","1856.42938127","219.27799988"
"53372","11000UQ171PS201912150217","UQQ900"," "," ","UQQ900","11000EZZ201005181951","11000NTC201004294858","개발행위허가제한지역","11000"," ","2019-12-15 00:00:00.0","49790.88066000","979.50402832"
"53371","11000UQ171PS201912150216","UQQ900"," "," ","UQQ900","11000EZZ000000001711"," ","개발행위허가제한지역","11000"," ","2019-12-15 00:00:00.0","4169.45655747","381.40701294"
"53370","11000UQ171PS201912150215","UQQ900"," "," ","UQQ900","11000EZZ000000001711"," ","개발행위허가제한지역","11000"," ","2019-12-15 00:00:00.0","24790.38977260","924.11401367"
"53369","11000UQ171PS201912150214","UQQ900"," "," ","UQQ900","11000EZZ201203132058","11000NTC201202236415","개발행위제한지역(총계)","11000"," ","2019-12-15 00:00:00.0","563423.55259900","5775.66992188"
"53368","11000UQ171PS201912150213","UQQ900"," "," ","UQQ900","11000EZZ200912181895","11000NTC200912174264","개발행위허가제한지역","11000"," ","2019-12-15 00:00:00.0","88920.96654220","1653.65002441"
"53367","11000UQ171PS201912150212","UQQ900"," "," ","UQQ900","11000EZZ200812231761","11000NTC200811202367","개발행위허가제한지역","11000"," ","2019-12-15 00:00:00.0","11508.32752800","462.44601440"
"53366","11000UQ171PS201912150211","UQQ900"," "," ","UQQ900","11000EZZ200812231762","11000NTC200811202367","개발행위허가제한지역","11000"," ","2019-12-15 00:00:00.0","13718.11597280","560.07299805"
"53365","11000UQ171PS201912150210","UQQ900"," "," ","UQQ900","11000EZZ000000001711"," ","개발행위허가제한지역","11000"," ","2019-12-15 00:00:00.0","653.60673054","114.76999664"
"53364","11000UQ171PS201912150209","UQQ900"," "," ","UQQ900","11000EZZ000000001711"," ","개발행위허가제한지역","11000"," ","2019-12-15 00:00:00.0","91882.87052080","1967.31994629"
"53363","11000UQ171PS201912150208","UQQ900"," "," ","UQQ900","11000EZZ000000001711"," ","개발행위허가제한지역","11000"," ","2019-12-15 00:00:00.0","124419.02880300","3056.83007813"
"53362","11000UQ171PS201912150207","UQQ900"," "," ","UQQ900","11000EZZ200812231754","11000NTC200811202367","개발행위허가제한지역","11000"," ","2019-12-15 00:00:00.0","40222.86311280","1007.78997803"
"53361","11000UQ171PS201912150206","UQQ900"," "," ","UQQ900","11000EZZ000000001711"," ","개발행위허가제한지역","11000"," ","2019-12-15 00:00:00.0","38230.24273770","962.42797852"
"53360","11000UQ171PS201912150205","UQQ900"," "," ","UQQ900","11000EZZ200812121738","11000NTC200810162271","개발행위허가제한지역","11000"," ","2019-12-15 00:00:00.0","6465.04435164","451.01901245"
"53359","11000UQ171PS201912150204","UQQ900"," "," ","UQQ900","11000EZZ201611232155","11000NTC201606177803","주태재건축정비예정구역_미도아파트","11000"," ","2019-12-15 00:00:00.0","195080.43839700","1873.04003906"
"53358","11000UQ171PS201912150203","UQQ900"," "," ","UQQ900","11000EZZ000000001711"," ","개발행위허가제한지역","11000"," ","2019-12-15 00:00:00.0","369.91434746","84.92859650"
"53357","11000UQ171PS201912150202","UQQ900"," "," ","UQQ900","11000EZZ200812241766","11000NTC200901022595","답십리 245번지외 2개소 제1종지구단위계획 구역지정","11000"," ","2019-12-15 00:00:00.0","39859.61304160","1060.27001953"
"53356","11000UQ171PS201912150201","UQQ900"," "," ","UQQ900","11000EZZ201007051989","11000NTC201005134922","개발행위허가제한지역","11000"," ","2019-12-15 00:00:00.0","20003.78700330","716.09802246"
"53355","11000UQ171PS201912150285","UQQ900"," "," ","UQQ900","11000EZZ201006151972","11000NTC201005134922","개발행위허가제한지역","11000"," ","2019-12-15 00:00:00.0","13154.49027990","463.58898926"
"53354","11000UQ171PS201912150284","UQQ900"," "," ","UQQ900","11000EZZ201005201960","11000NTC201005134922","개발행위허가제한지역","11000"," ","2019-12-15 00:00:00.0","26401.58093850","847.69897461"
"53353","11000UQ171PS201912150283","UQQ900"," "," ","UQQ900","11000EZZ000000001711"," ","개발행위허가제한지역","11000"," ","2019-12-15 00:00:00.0","777.85444152","127.02300262"
"53352","11000UQ171PS201912150282","UQQ900"," "," ","UQQ900","11000EZZ200812231755","11000NTC200811202367","개발행위허가제한지역","11000"," ","2019-12-15 00:00:00.0","41013.82749600","935.57800293"
"53351","11000UQ171PS201912150281","UQQ900"," "," ","UQQ900","11000EZZ000000001711"," ","개발행위허가제한지역","11000"," ","2019-12-15 00:00:00.0","7112.16040165","543.20501709"
"53350","11000UQ171PS201912150280","UQQ900"," "," ","UQQ900","11000EZZ000000001711"," ","개발행위허가제한지역","11000"," ","2019-12-15 00:00:00.0","4156.42853472","341.35598755"
"53349","11000UQ171PS201912150279","UQQ900"," "," ","UQQ900","11000EZZ200906041851","11000NTC200902032739","개발행위허가제한지역","11000"," ","2019-12-15 00:00:00.0","33410.20264100","933.83197021"
"53348","11000UQ171PS201912150278","UQQ900"," "," ","UQQ900","11000EZZ201006301982","11000NTC201005134922","개발행위허가제한지역","11000"," ","2019-12-15 00:00:00.0","23176.39946000","886.11499023"
"53347","11000UQ171PS201912150277","UQQ900"," "," ","UQQ900","11000EZZ000000001711"," ","개발행위허가제한지역","11000"," ","2019-12-15 00:00:00.0","628.31568049","99.10019684"
"53346","11000UQ171PS201912150276","UQQ900"," "," ","UQQ900","11000EZZ200812241767","11000NTC200901022595","답십리 245번지외 2개소 제1종지구단위계획 구역지정","11000"," ","2019-12-15 00:00:00.0","39555.01879820","1874.85998535"
"53345","11000UQ171PS201912150275","UQQ900"," "," ","UQQ900","11000EZZ000000001711"," ","개발행위허가제한지역","11000"," ","2019-12-15 00:00:00.0","1934.56891386","253.66299438"
"53344","11000UQ171PS201912150274","UQQ900"," "," ","UQQ900","11000EZZ201005191956","11000NTC201005134922","개발행위허가제한지역","11000"," ","2019-12-15 00:00:00.0","27598.90089160","775.02697754"
"53343","11000UQ171PS201912150273","UQQ900"," "," ","UQQ900","11000EZZ200901301809","11000NTC200901152681","방배동 주택재건축사업 예정지역","11000"," ","2019-12-15 00:00:00.0","36471.03987800","1173.84997559"
"53342","11000UQ171PS201912150272","UQQ900"," "," ","UQQ900","11000EZZ000000001711"," ","개발행위허가제한지역","11000"," ","2019-12-15 00:00:00.0","151947.89901200","1912.40002441"
"53341","11000UQ171PS201912150271","UQQ900"," "," ","UQQ900","11000EZZ000000001711"," ","개발행위허가제한지역","11000"," ","2019-12-15 00:00:00.0","1259.09124584","181.91400146"
"53340","11000UQ171PS201912150270","UQQ900"," "," ","UQQ900","11000EZZ000000001711"," ","개발행위허가제한지역","11000"," ","2019-12-15 00:00:00.0","2630.50866498","207.45599365"
"53339","11000UQ171PS201912150269","UQQ900"," "," ","UQQ900","11000EZZ000000001711"," ","개발행위허가제한지역","11000"," ","2019-12-15 00:00:00.0","814.47382943","132.39199829"
"53338","11000UQ171PS201912150268","UQQ900"," "," ","UQQ900","11000EZZ000000001711"," ","개발행위허가제한지역","11000"," ","2019-12-15 00:00:00.0","3153.21678912","252.25399780"
"53337","11000UQ171PS201912150267","UQQ900"," "," ","UQQ900","11000EZZ000000001711"," ","개발행위허가제한지역","11000"," ","2019-12-15 00:00:00.0","1171.18644244","191.34199524"
"53336","11000UQ171PS201912150266","UQQ900"," "," ","UQQ900","11000EZZ201108092022","11000NTC201011115586","개발행위허가제한지역","11000"," ","2019-12-15 00:00:00.0","25150.17438970","674.87701416"
"53335","11000UQ171PS201912150265","UQQ900"," "," ","UQQ900","11000EZZ200812121736","11000NTC200810162271","개발행위허가제한지역","11000"," ","2019-12-15 00:00:00.0","23731.60468020","1478.31994629"
"53334","11000UQ171PS201912150264","UQQ900"," "," ","UQQ900","11000EZZ200901301813","11000NTC200901152681","방배동 주택재건축사업 예정지역","11000"," ","2019-12-15 00:00:00.0","151262.30084900","1935.95996094"
"53333","11000UQ171PS201912150176","UQQ900"," "," ","UQQ900","11000EZZ201211262100","11000NTC201210186661","사근제1 주택재개발정비예정구역","11000"," ","2019-12-15 00:00:00.0","26561.95299970","833.22802734"
"53332","11000UQ171PS201912150175","UQQ900"," "," ","UQQ900","11000EZZ000000001711"," ","개발행위허가제한지역","11000"," ","2019-12-15 00:00:00.0","1273.07207858","164.97399902"
"53331","11000UQ171PS201912150174","UQQ900"," "," ","UQQ900","11000EZZ000000001711"," ","개발행위허가제한지역","11000"," ","2019-12-15 00:00:00.0","17748.11875440","699.77001953"
"53330","11000UQ171PS201912150173","UQQ900"," "," ","UQQ900","11000EZZ000000001711"," ","개발행위허가제한지역","11000"," ","2019-12-15 00:00:00.0","426.20109284","83.54090118"
"53329","11000UQ171PS201912150172","UQQ900"," "," ","UQQ900","11000EZZ000000001711"," ","개발행위허가제한지역","11000"," ","2019-12-15 00:00:00.0","835.68775590","134.57499695"
"53328","11000UQ171PS201912150171","UQQ900"," "," ","UQQ900","11000EZZ201007051986","11000NTC201005134922","개발행위허가제한지역","11000"," ","2019-12-15 00:00:00.0","30789.11425050","879.04199219"
"53327","11000UQ171PS201912150170","UQQ900"," "," ","UQQ900","11000EZZ000000001711"," ","개발행위허가제한지역","11000"," ","2019-12-15 00:00:00.0","430.88732626","83.75779724"
"53326","11000UQ171PS201912150169","UQQ900"," "," ","UQQ900","11000EZZ200912091891","11000NTC200912034182","개발행위허가 제한지역","11000"," ","2019-12-15 00:00:00.0","404516.25006700","7161.87988281"
"53325","11000UQ171PS201912150168","UQQ900"," "," ","UQQ900","11000EZZ201005191959","11000NTC201005134922","개발행위허가제한지역","11000"," ","2019-12-15 00:00:00.0","14074.48469440","530.08398438"
"53324","11000UQ171PS201912150167","UQQ900"," "," ","UQQ900","11000EZZ000000001711"," ","개발행위허가제한지역","11000"," ","2019-12-15 00:00:00.0","489.77140423","85.29989624"
"53323","11000UQ171PS201912150166","UQQ900"," "," ","UQQ900","11000EZZ200906041857","11000NTC200902032739","개발행위허가제한지역","11000"," ","2019-12-15 00:00:00.0","6833.36667224","614.26599121"
"53322","11000UQ171PS201912150165","UQQ900"," "," ","UQQ900","11000EZZ201704182163","11000NTC201702168013","개발행위허가제한","11000"," ","2019-12-15 00:00:00.0","166905.20622100","1810.45996094"
"53321","11000UQ171PS201912150164","UQQ900"," "," ","UQQ900","11000EZZ201005141949","11000NTC201005124905","개발행위허가제한지역 3","11000"," ","2019-12-15 00:00:00.0","102439.56737700","1677.19995117"
"53320","11000UQ171PS201912150163","UQQ900"," "," ","UQQ900","11000EZZ200901301807","11000NTC200901152681","방배동 주택재건축사업 예정지역","11000"," ","2019-12-15 00:00:00.0","15186.40756760","491.47900391"
"53319","11000UQ171PS201912150162","UQQ900"," "," ","UQQ900","11000EZZ000000001711"," ","개발행위허가제한지역","11000"," ","2019-12-15 00:00:00.0","2891.22625673","216.91799927"
"53318","11000UQ171PS201912150161","UQQ900"," "," ","UQQ900","11000EZZ000000001711"," ","개발행위허가제한지역","11000"," ","2019-12-15 00:00:00.0","363.86273065","79.21260071"
"53317","11000UQ171PS201912150160","UQQ900"," "," ","UQQ900","11000EZZ000000001711"," ","개발행위허가제한지역","11000"," ","2019-12-15 00:00:00.0","761551.16719800","4451.10009766"
"53316","11000UQ171PS201912150159","UQQ900"," "," ","UQQ900","11000EZZ201010072009","11000NTC201008125276","개발행위허가제한지역","11000"," ","2019-12-15 00:00:00.0","13722.68903650","683.32702637"
"53315","11000UQ171PS201912150154","UQQ900"," "," ","UQQ900","11000EZZ000000001711"," ","개발행위허가제한지역","11000"," ","2019-12-15 00:00:00.0","73.68792360","38.51739883"
"53314","11000UQ171PS201912150153","UQQ900"," "," ","UQQ900","11000EZZ000000001711"," ","개발행위허가제한지역","11000"," ","2019-12-15 00:00:00.0","20895.64105120","756.97802734"
"53313","11000UQ171PS201912150152","UQQ900"," "," ","UQQ900","11000EZZ200906041852","11000NTC200902032739","개발행위허가제한지역","11000"," ","2019-12-15 00:00:00.0","19911.46118770","869.16198730"
"53312","11000UQ171PS201912150151","UQQ900"," "," ","UQQ900","11000EZZ000000001711"," ","개발행위허가제한지역","11000"," ","2019-12-15 00:00:00.0","1149.41181067","163.71899414"
"53311","11000UQ171PS201912150150","UQQ900"," "," ","UQQ900","11000EZZ000000001711"," ","개발행위허가제한지역","11000"," ","2019-12-15 00:00:00.0","30344.72413320","721.63800049"
"53310","11000UQ171PS201912150149","UQQ900"," "," ","UQQ900","11000EZZ200901301801","11000NTC200901152681","방배동 주택재건축사업 예정지역","11000"," ","2019-12-15 00:00:00.0","20699.91281730","579.49597168"
"53309","11000UQ171PS201912150148","UQQ900"," "," ","UQQ900","11000EZZ200906041854","11000NTC200902032739","개발행위허가제한지역","11000"," ","2019-12-15 00:00:00.0","14759.90790480","591.25299072"
"53308","11000UQ171PS201912150147","UQQ900"," "," ","UQQ900","11000EZZ000000001711"," ","개발행위허가제한지역","11000"," ","2019-12-15 00:00:00.0","300.93132719","70.49770355"
"53307","11000UQ171PS201912150146","UQQ900"," "," ","UQQ900","11000EZZ201611232156","11000NTC201606177803","주택재건축정비예정구역_진흥아파트","11000"," ","2019-12-15 00:00:00.0","51873.70291740","1991.83996582"
"53306","11000UQ171PS201912150145","UQQ900"," "," ","UQQ900","11000EZZ201212242105","11000NTC201212146702","개발행위허가제한지역","11000"," ","2019-12-15 00:00:00.0","37937.37985350","1062.78002930"
"53305","11000UQ171PS201912150144","UQQ900"," "," ","UQQ900","11000EZZ200812231760","11000NTC200811202367","개발행위허가제한지역","11000"," ","2019-12-15 00:00:00.0","17777.02801330","914.19598389"
"53304","11000UQ171PS201912150143","UQQ900"," "," ","UQQ900","11000EZZ000000001711"," ","개발행위허가제한지역","11000"," ","2019-12-15 00:00:00.0","35823.36990200","1129.29003906"
"53303","11000UQ171PS201912150142","UQQ900"," "," ","UQQ900","11000EZZ000000001711"," ","개발행위허가제한지역","11000"," ","2019-12-15 00:00:00.0","546.71798463","101.15499878"
"53302","11000UQ171PS201912150158","UQQ900"," "," ","UQQ900","11000EZZ201005191954","11000NTC201005134922","개발행위허가제한지역","11000"," ","2019-12-15 00:00:00.0","28755.89815880","1020.86999512"
"53301","11000UQ171PS201912150157","UQQ900"," "," ","UQQ900","11000EZZ201006071964","11000NTC201005134922","개발행위허가제한지역","11000"," ","2019-12-15 00:00:00.0","16253.19388700","573.65399170"
"53300","11000UQ171PS201912150156","UQQ900"," "," ","UQQ900","11000EZZ200906251859","11000NTC200906253496","성수전략정비구역 제1종지구단위계획구역","11000"," ","2019-12-15 00:00:00.0","647991.39747000","3852.91992188"
"53299","11000UQ171PS201912150155","UQQ900"," "," ","UQQ900","11000EZZ000000001711"," ","개발행위허가제한지역","11000"," ","2019-12-15 00:00:00.0","32968.96407070","899.64501953"
"53298","11000UQ171PS201912150141","UQQ900"," "," ","UQQ900","11000EZZ200812231764","11000NTC200811202367","개발행위허가제한지역","11000"," ","2019-12-15 00:00:00.0","14722.67940010","489.71099854"
"53297","11000UQ171PS201912150140","UQQ900"," "," ","UQQ900","11000EZZ200901301815","11000NTC200901152681","방배동 주택재건축사업 예정지역","11000"," ","2019-12-15 00:00:00.0","8109.06780338","388.97799683"
"53296","11000UQ171PS201912150139","UQQ900"," "," ","UQQ900","11000EZZ201211152099","11000NTC201102175940","개발행위허가제한","11000"," ","2019-12-15 00:00:00.0","24048.06703040","724.74102783"
"53295","11000UQ171PS201912150138","UQQ900"," "," ","UQQ900","11000EZZ000000001711"," ","개발행위허가제한지역","11000"," ","2019-12-15 00:00:00.0","296.11563565","86.45320129"
"53294","11000UQ171PS201912150137","UQQ900"," "," ","UQQ900","11000EZZ000000001711"," ","개발행위허가제한지역","11000"," ","2019-12-15 00:00:00.0","1242.58655617","169.60699463"
"53293","11000UQ171PS201912150136","UQQ900"," "," ","UQQ900","11000EZZ201004061943","11000NTC201003104602","개발행위허가제한지역","11000"," ","2019-12-15 00:00:00.0","42060.22086740","975.78100586"
"53292","11000UQ171PS201912150135","UQQ900"," "," ","UQQ900","11000EZZ000000001711"," ","개발행위허가제한지역","11000"," ","2019-12-15 00:00:00.0","1059.90227023","150.55499268"
"53291","11000UQ171PS201912150134","UQQ900"," "," ","UQQ900","11000EZZ000000001711"," ","개발행위허가제한지역","11000"," ","2019-12-15 00:00:00.0","235.93794015","62.25809860"
"53290","11000UQ171PS201912150133","UQQ900"," "," ","UQQ900","11000EZZ201311012119","11000NTC201205176492","개발행위허가제한지역","11000"," ","2019-12-15 00:00:00.0","11700.94218980","663.23999023"
"53289","11000UQ171PS201912150132","UQQ900"," "," ","UQQ900","11000EZZ201611232154","11000NTC201606177803","주택재건축정비예정구역_선경아파트","11000"," ","2019-12-15 00:00:00.0","78636.15601510","1321.95996094"
"53288","11000UQ171PS201912150131","UQQ900"," "," ","UQQ900","11000EZZ000000001711"," ","개발행위허가제한지역","11000"," ","2019-12-15 00:00:00.0","174.25970849","102.96199799"
"53287","11000UQ171PS201912150130","UQQ900"," "," ","UQQ900","11000EZZ201302072108","11000NTC201103035981","개발행위허가제한구역","11000"," ","2019-12-15 00:00:00.0","124006.66204400","1889.91003418"
"53286","11000UQ171PS201912150129","UQQ900"," "," ","UQQ900","11000EZZ201110042037","11000NTC201110056257","행위제한지역","11000"," ","2019-12-15 00:00:00.0","43267.32422880","844.89099121"
"53285","11000UQ171PS201912150128","UQQ900"," "," ","UQQ900","11000EZZ000000001711"," ","개발행위허가제한지역","11000"," ","2019-12-15 00:00:00.0","135.61055944","47.93709946"
"53284","11000UQ171PS201912150127","UQQ900"," "," ","UQQ900","11000EZZ200912181896","11000NTC200912174264","개발행위허가제한지역","11000"," ","2019-12-15 00:00:00.0","31625.28338570","714.31298828"
"53283","11000UQ171PS201912150126","UQQ900"," "," ","UQQ900","11000EZZ200810271709","11000NTC200810022242","용산지구단위계획구역내 특별계획구역 검토지역","11000"," ","2019-12-15 00:00:00.0","52165.53283210","1218.18994141"
"53282","11000UQ171PS201912150125","UQQ900"," "," ","UQQ900","11000EZZ000000001711"," ","개발행위허가제한지역","11000"," ","2019-12-15 00:00:00.0","540.69003335","102.26999664"
"53281","11000UQ171PS201912150124","UQQ900"," "," ","UQQ900","11000EZZ200901151786","11000NTC200812112468","개발행위허가제한지역","11000"," ","2019-12-15 00:00:00.0","105739.33157200","1702.47998047"
"53280","11000UQ171PS201912150123","UQQ900"," "," ","UQQ900","11000EZZ000000001711"," ","개발행위허가제한지역","11000"," ","2019-12-15 00:00:00.0","775.72654077","113.54499817"
"53279","11000UQ171PS201912150122","UQQ900"," "," ","UQQ900","11000EZZ200901021773","11000NTC200810302311","개발행위허가제한지역","11000"," ","2019-12-15 00:00:00.0","438567.41300700","5558.25976563"
"53278","11000UQ171PS201912150121","UQQ900"," "," ","UQQ900","11000EZZ200904151831","11000NTC200903052929","개발행위허가제한지역","11000"," ","2019-12-15 00:00:00.0","163882.28142400","1868.41003418"
"53277","11000UQ171PS201912150120","UQQ900"," "," ","UQQ900","11000EZZ000000001711"," ","개발행위허가제한지역","11000"," ","2019-12-15 00:00:00.0","660.43884163","118.33200073"
"53276","11000UQ171PS201912150119","UQQ900"," "," ","UQQ900","11000EZZ200901131780","11000NTC200808072111","개발행위허가 제한(연장) 및 지형도면","11000"," ","2019-12-15 00:00:00.0","435323.53594400","3580.11010742"
"53275","11000UQ171PS201912150263","UQQ900"," "," ","UQQ900","11000EZZ000000001711"," ","개발행위허가제한지역","11000"," ","2019-12-15 00:00:00.0","2319.72911430","298.29000854"
"53274","11000UQ171PS201912150262","UQQ900"," "," ","UQQ900","11000EZZ000000001711"," ","개발행위허가제한지역","11000"," ","2019-12-15 00:00:00.0","304.97549653","69.99819946"
"53273","11000UQ171PS201912150261","UQQ900"," "," ","UQQ900","11000EZZ201004061941","11000NTC201003104602","개발행위허가제한지역","11000"," ","2019-12-15 00:00:00.0","16520.05061910","687.94299316"
"53272","11000UQ171PS201912150260","UQQ900"," "," ","UQQ900","11000EZZ000000001711"," ","개발행위허가제한지역","11000"," ","2019-12-15 00:00:00.0","240.85301320","79.07309723"
"53271","11000UQ171PS201912150259","UQQ900"," "," ","UQQ900","11000EZZ200906041853","11000NTC200902032739","개발행위허가제한지역","11000"," ","2019-12-15 00:00:00.0","23886.96106280","677.34100342"
"53270","11000UQ171PS201912150258","UQQ900"," "," ","UQQ900","11000EZZ000000001711"," ","개발행위허가제한지역","11000"," ","2019-12-15 00:00:00.0","15213.69946410","647.26397705"
"53269","11000UQ171PS201912150257","UQQ900"," "," ","UQQ900","11000EZZ000000001711"," ","개발행위허가제한지역","11000"," ","2019-12-15 00:00:00.0","853.45968552","118.96800232"
"53268","11000UQ171PS201912150256","UQQ900"," "," ","UQQ900","11000EZZ200810271711","11000NTC200810022242","용산제1종지구단위계획구역내 특별계획구역 검토지역","11000"," ","2019-12-15 00:00:00.0","20865.77461130","676.95300293"
"53267","11000UQ171PS201912150255","UQQ900"," "," ","UQQ900","11000EZZ000000001711"," ","개발행위허가제한지역","11000"," ","2019-12-15 00:00:00.0","403.35882674","89.60299683"
"53266","11000UQ171PS201912150254","UQQ900"," "," ","UQQ900","11000EZZ000000001711"," ","개발행위허가제한지역","11000"," ","2019-12-15 00:00:00.0","1187.94617965","133.29499817"
"53265","11000UQ171PS201912150253","UQQ900"," "," ","UQQ900","11000EZZ200812231763","11000NTC200811202367","개발행위허가제한지역","11000"," ","2019-12-15 00:00:00.0","17013.33216510","566.82501221"
"53264","11000UQ171PS201912150252","UQQ900"," "," ","UQQ900","11000EZZ200901301819","11000NTC200901152681","방배동 주택재건축사업 예정지역","11000"," ","2019-12-15 00:00:00.0","16915.70515780","723.75097656"
"53263","11000UQ171PS201912150238","UQQ900"," "," ","UQQ900","11000EZZ200912181894","11000NTC200912174264","개발행위허가제한지역","11000"," ","2019-12-15 00:00:00.0","59585.65724170","1468.65002441"
"53262","11000UQ171PS201912150251","UQQ900"," "," ","UQQ900","11000EZZ201006091969","11000NTC201004204789","개발행위허가제한지역 8 (사당 3)","11000"," ","2019-12-15 00:00:00.0","22290.53969320","920.63500977"
"53261","11000UQ171PS201912150250","UQQ900"," "," ","UQQ900","11000EZZ201011092017","11000NTC201010215486","주택재건축정비계획수립지역","11000"," ","2019-12-15 00:00:00.0","60800.39966350","1343.80004883"
"53260","11000UQ171PS201912150249","UQQ900"," "," ","UQQ900","11000EZZ000000001711"," ","개발행위허가제한지역","11000"," ","2019-12-15 00:00:00.0","1713.93653776","166.02000427"
"53259","11000UQ171PS201912150248","UQQ900"," "," ","UQQ900","11000EZZ201007121993","11000NTC201007015113","개발행위허가제한지역","11000"," ","2019-12-15 00:00:00.0","41114.57761310","904.31097412"
"53258","11000UQ171PS201912150247","UQQ900"," "," ","UQQ900","11000EZZ200907281865","11000NTC200906053434","개발행위허가제한지역","11000"," ","2019-12-15 00:00:00.0","19183.99790080","733.85797119"
"53257","11000UQ171PS201912150246","UQQ900"," "," ","UQQ900","11000EZZ000000001711"," ","개발행위허가제한지역","11000"," ","2019-12-15 00:00:00.0","1121.59151244","150.41200256"
"53256","11000UQ171PS201912150245","UQQ900"," "," ","UQQ900","11000EZZ000000001711"," ","개발행위허가제한지역","11000"," ","2019-12-15 00:00:00.0","2072.32650144","202.39700317"
"53255","11000UQ171PS201912150244","UQQ900"," "," ","UQQ900","11000EZZ000000001711"," ","개발행위허가제한지역","11000"," ","2019-12-15 00:00:00.0","409.47608407","86.71880341"
"53254","11000UQ171PS201912150243","UQQ900"," "," ","UQQ900","11000EZZ000000001711"," ","개발행위허가제한지역","11000"," ","2019-12-15 00:00:00.0","604.86350726","100.21299744"
"53253","11000UQ171PS201912150242","UQQ900"," "," ","UQQ900","11000EZZ201010072005","11000NTC201008125276","개발행위허가제한지역","11000"," ","2019-12-15 00:00:00.0","7733.71707570","872.27398682"
"53252","11000UQ171PS201912150241","UQQ900"," "," ","UQQ900","11000EZZ000000001711"," ","개발행위허가제한지역","11000"," ","2019-12-15 00:00:00.0","68275.71889900","1050.09997559"
"53251","11000UQ171PS201912150240","UQQ900"," "," ","UQQ900","11000EZZ000000001711"," ","개발행위허가제한지역","11000"," ","2019-12-15 00:00:00.0","831.55919964","120.90799713"
"53250","11000UQ171PS201912150239","UQQ900"," "," ","UQQ900","11000EZZ000000001711"," ","개발행위허가제한지역","11000"," ","2019-12-15 00:00:00.0","89662.35642950","1486.03002930"
"53249","11000UQ171PS201912150237","UQQ900"," "," ","UQQ900","11000EZZ000000001711"," ","개발행위허가제한지역","11000"," ","2019-12-15 00:00:00.0","208.07430651","65.00180054"
"53248","11000UQ171PS201912150236","UQQ900"," "," ","UQQ900","11000EZZ201611142145","11000NTC201608267859","주택재건축정비(개포주공7단지)","11000"," ","2019-12-15 00:00:00.0","54027.39117550","941.85797119"
"53247","11000UQ171PS201912150235","UQQ900"," "," ","UQQ900","11000EZZ000000001711"," ","개발행위허가제한지역","11000"," ","2019-12-15 00:00:00.0","2062.32643171","212.91000366"
"53246","11000UQ171PS201912150234","UQQ900"," "," ","UQQ900","11000EZZ200901301811","11000NTC200901152681","방배동 주택재건축사업 예정지역","11000"," ","2019-12-15 00:00:00.0","31001.15467660","876.32098389"
"53245","11000UQ171PS201912150219","UQQ900"," "," ","UQQ900","11000EZZ201006231974","11000NTC201006175052","개발행위허가제한지역","11000"," ","2019-12-15 00:00:00.0","16426.39534450","724.45300293"
"53244","11000UQ171PS201912150233","UQQ900"," "," ","UQQ900","11000EZZ000000001711"," ","개발행위허가제한지역","11000"," ","2019-12-15 00:00:00.0","540.94277640","96.93789673"
"53243","11000UQ171PS201912150232","UQQ900"," "," ","UQQ900","11000EZZ201005141950","11000NTC201005124905","개발행위허가제한지역 4","11000"," ","2019-12-15 00:00:00.0","116736.50881900","1546.56994629"
"53242","11000UQ171PS201912150231","UQQ900"," "," ","UQQ900","11000EZZ201007051992","11000NTC201005134922","개발행위허가제한지역","11000"," ","2019-12-15 00:00:00.0","32469.79785030","899.09197998"
"53241","11000UQ171PS201912150230","UQQ900"," "," ","UQQ900","11000EZZ201007051984","11000NTC201005134922","개발행위허가제한지역","11000"," ","2019-12-15 00:00:00.0","52411.16871000","1005.48999023"
"53240","11000UQ171PS201912150229","UQQ900"," "," ","UQQ900","11000EZZ000000001711"," ","개발행위허가제한지역","11000"," ","2019-12-15 00:00:00.0","50844.05069450","934.25701904"
"53239","11000UQ171PS201912150228","UQQ900"," "," ","UQQ900","11000EZZ200901301817","11000NTC200901152681","방배동 주택재건축사업 예정지역","11000"," ","2019-12-15 00:00:00.0","82528.48925850","1872.06005859"
"53238","11000UQ171PS201912150227","UQQ900"," "," ","UQQ900","11000EZZ000000001711"," ","개발행위허가제한지역","11000"," ","2019-12-15 00:00:00.0","1166.34627540","140.93200684"
"53237","11000UQ171PS201912150226","UQQ900"," "," ","UQQ900","11000EZZ201006091968","11000NTC201004204789","개발행위허가제한지역 7 (사당 2)","11000"," ","2019-12-15 00:00:00.0","48675.27429900","1149.09997559"
"53236","11000UQ171PS201912150225","UQQ900"," "," ","UQQ900","11000EZZ000000001711"," ","개발행위허가제한지역","11000"," ","2019-12-15 00:00:00.0","148.41194803","47.66329956"
"53235","11000UQ171PS201912150224","UQQ900"," "," ","UQQ900","11000EZZ200906041850","11000NTC200902032739","개발행위허가제한지역","11000"," ","2019-12-15 00:00:00.0","55265.67780550","1925.68994141"
"53234","11000UQ171PS201912150223","UQQ900"," "," ","UQQ900","11000EZZ200901151787","11000NTC200812112468","개발행위허가제한지역","11000"," ","2019-12-15 00:00:00.0","35800.75957360","1168.76000977"
"53233","11000UQ171PS201912150222","UQQ900"," "," ","UQQ900","11000EZZ000000001711"," ","개발행위허가제한지역","11000"," ","2019-12-15 00:00:00.0","2547.30128932","230.60200500"
"53232","11000UQ171PS201912150221","UQQ900"," "," ","UQQ900","11000EZZ200810281713","11000NTC200810022243","용산지구단위계획구역내 특별계획구역 검토지역","11000"," ","2019-12-15 00:00:00.0","20854.84436560","761.17297363"
"53231","11000UQ171PS201912150220","UQQ900"," "," ","UQQ900","11000EZZ201004091944","11000NTC201003114622","개발행위허가제한지역","11000"," ","2019-12-15 00:00:00.0","205672.30615500","2168.69995117"
"53230","11000UQ171PS201912150200","UQQ900"," "," ","UQQ900","11000EZZ000000001711"," ","개발행위허가제한지역","11000"," ","2019-12-15 00:00:00.0","10932.48363330","698.39001465"
"53229","11000UQ171PS201912150199","UQQ900"," "," ","UQQ900","11000EZZ000000001711"," ","개발행위허가제한지역","11000"," ","2019-12-15 00:00:00.0","1246.28061068","171.58000183"
"53228","11000UQ171PS201912150198","UQQ900"," "," ","UQQ900","11000EZZ000000001711"," ","개발행위허가제한지역","11000"," ","2019-12-15 00:00:00.0","649.91510661","106.28199768"
"53227","11000UQ171PS201912150197","UQQ900"," "," ","UQQ900","11000EZZ000000001711"," ","개발행위허가제한지역","11000"," ","2019-12-15 00:00:00.0","601.33464807","106.97299957"
"53226","11000UQ171PS201912150196","UQQ900"," "," ","UQQ900","11000EZZ201004061940","11000NTC201003104602","개발행위허가제한지역","11000"," ","2019-12-15 00:00:00.0","12382.59025440","455.01699829"
"53225","11000UQ171PS201912150195","UQQ900"," "," ","UQQ900","11000EZZ201010072011","11000NTC201008125276","개발행위허가제한지역","11000"," ","2019-12-15 00:00:00.0","19422.58749150","760.61700439"
"53224","11000UQ171PS201912150194","UQQ900"," "," ","UQQ900","11000EZZ000000001711"," ","개발행위허가제한지역","11000"," ","2019-12-15 00:00:00.0","764.37531472","110.19300079"
"53223","11000UQ171PS201912150193","UQQ900"," "," ","UQQ900","11000EZZ201001041901","11000NTC200912314328","개발행위허가제한지역","11000"," ","2019-12-15 00:00:00.0","93916.46618800","1813.81994629"
"53222","11000UQ171PS201912150192","UQQ900"," "," ","UQQ900","11000EZZ000000001711"," ","개발행위허가제한지역","11000"," ","2019-12-15 00:00:00.0","978.03901780","133.76800537"
"53221","11000UQ171PS201912150191","UQQ900"," "," ","UQQ900","11000EZZ200901061775","11000NTC200812042417","개발행위허가제한지역","11000"," ","2019-12-15 00:00:00.0","33770.56138240","913.42901611"
"53220","11000UQ171PS201912150190","UQQ900"," "," ","UQQ900","11000EZZ000000001711"," ","개발행위허가제한지역","11000"," ","2019-12-15 00:00:00.0","486.94659757","93.02770233"
"53219","11000UQ171PS201912150189","UQQ900"," "," ","UQQ900","11000EZZ201006151971","11000NTC201005134922","개발행위허가제한지역","11000"," ","2019-12-15 00:00:00.0","28915.10414050","681.58099365"
"53218","11000UQ171PS201912150188","UQQ900"," "," ","UQQ900","11000EZZ200911171887","11000NTC200911044038","개발행위허가제한지역","11000"," ","2019-12-15 00:00:00.0","52472.71059840","1212.66003418"
"53217","11000UQ171PS201912150187","UQQ900"," "," ","UQQ900","11000EZZ000000001711"," ","개발행위허가제한지역","11000"," ","2019-12-15 00:00:00.0","624.84584953","108.03199768"
"53216","11000UQ171PS201912150186","UQQ900"," "," ","UQQ900","11000EZZ000000001711"," ","개발행위허가제한지역","11000"," ","2019-12-15 00:00:00.0","15952.64683630","602.86401367"
"53215","11000UQ171PS201912150185","UQQ900"," "," ","UQQ900","11000EZZ000000001711"," ","개발행위허가제한지역","11000"," ","2019-12-15 00:00:00.0","18678.49248700","700.65997314"
"53214","11000UQ171PS201912150184","UQQ900"," "," ","UQQ900","11000EZZ200901301799","11000NTC200901152681","방배동 주택재건축사업 예정지역","11000"," ","2019-12-15 00:00:00.0","178949.03533900","1782.77001953"
"53213","11000UQ171PS201912150183","UQQ900"," "," ","UQQ900","11000EZZ200907211863","11000NTC200907093570","개발행위허가제한지역","11000"," ","2019-12-15 00:00:00.0","47073.92264330","1522.66003418"
"53212","11000UQ171PS201912150182","UQQ900"," "," ","UQQ900","11000EZZ000000001711"," ","개발행위허가제한지역","11000"," ","2019-12-15 00:00:00.0","13371.52510860","570.78198242"
"53211","11000UQ171PS201912150181","UQQ900"," "," ","UQQ900","11000EZZ000000001711"," ","개발행위허가제한지역","11000"," ","2019-12-15 00:00:00.0","299.92275202","129.99000549"
"53210","11000UQ171PS201912150180","UQQ900"," "," ","UQQ900","11000EZZ000000001711"," ","개발행위허가제한지역","11000"," ","2019-12-15 00:00:00.0","343.33296578","95.38800049"
"53209","11000UQ171PS201912150179","UQQ900"," "," ","UQQ900","11000EZZ201007121994","11000NTC201007015113","개발행위허가제한지역","11000"," ","2019-12-15 00:00:00.0","318907.93375300","3295.67993164"
"53208","11000UQ171PS201912150003","UQQ900"," "," ","UQQ900","11000EZZ000000001711"," ","개발행위허가제한지역","11000"," ","2019-12-15 00:00:00.0","467.09310068","90.25489807"
"53207","11000UQ171PS201912150002","UQQ900"," "," ","UQQ900","11000EZZ201201172045","11000NTC201010275499","마장제2주택재개발정비예정구역","11000"," ","2019-12-15 00:00:00.0","33190.57092280","951.35198975"
"53206","11000UQ171PS201912150001","UQQ900"," "," ","UQQ900","11000EZZ000000001711"," ","개발행위허가제한지역","11000"," ","2019-12-15 00:00:00.0","344.54120240","78.28500366"
"53205","11000UQ171PS201912150102","UQQ900"," "," ","UQQ900","11000EZZ201007051988","11000NTC201005134922","개발행위허가제한지역","11000"," ","2019-12-15 00:00:00.0","14839.59286540","502.43600464"
"53204","11000UQ171PS201912150101","UQQ900"," "," ","UQQ900","11000EZZ000000001711"," ","개발행위허가제한지역","11000"," ","2019-12-15 00:00:00.0","16849.33346070","729.73999023"
"53203","11000UQ171PS201912150100","UQQ900"," "," ","UQQ900","11000EZZ200812231750","11000NTC200811202367","재건축예정구역내 개발행위허가(건축허가)제한 및 지","11000"," ","2019-12-15 00:00:00.0","10446.69053560","443.05099487"
"53202","11000UQ171PS201912150099","UQQ900"," "," ","UQQ900","11000EZZ200906041856","11000NTC200902032739","개발행위허가제한지역","11000"," ","2019-12-15 00:00:00.0","19073.01244660","728.39501953"
"53201","11000UQ171PS201912150098","UQQ900"," "," ","UQQ900","11000EZZ201004061939","11000NTC201003104602","개발행위허가제한지역","11000"," ","2019-12-15 00:00:00.0","12103.30938830","437.92800903"
"53200","11000UQ171PS201912150097","UQQ900"," "," ","UQQ900","11000EZZ000000001711"," ","개발행위허가제한지역","11000"," ","2019-12-15 00:00:00.0","1168.16247844","162.38699341"
"53199","11000UQ171PS201912150096","UQQ900"," "," ","UQQ900","11000EZZ000000001711"," ","개발행위허가제한지역","11000"," ","2019-12-15 00:00:00.0","2056.56257307","267.27801514"
"53198","11000UQ171PS201912150079","UQQ900"," "," ","UQQ900","11000EZZ000000001711"," ","개발행위허가제한지역","11000"," ","2019-12-15 00:00:00.0","109.03274128","50.26779938"
"53197","11000UQ171PS201912150078","UQQ900"," "," ","UQQ900","11000EZZ201007051991","11000NTC201005134922","개발행위허가제한지역","11000"," ","2019-12-15 00:00:00.0","54761.87264680","945.19897461"
"53196","11000UQ171PS201912150095","UQQ900"," "," ","UQQ900","11000EZZ200901061776","11000NTC200812042417","개발행위허가제한지역","11000"," ","2019-12-15 00:00:00.0","30860.14142410","885.53399658"
"53195","11000UQ171PS201912150094","UQQ900"," "," ","UQQ900","11000EZZ000000001711"," ","개발행위허가제한지역","11000"," ","2019-12-15 00:00:00.0","360.65699793","89.42389679"
"53194","11000UQ171PS201912150093","UQQ900"," "," ","UQQ900","11000EZZ201001081908","11000NTC200912314367","개발행위허가제한지역","11000"," ","2019-12-15 00:00:00.0","14411.08740380","1088.90002441"
"53193","11000UQ171PS201912150092","UQQ900"," "," ","UQQ900","11000EZZ000000001711"," ","개발행위허가제한지역","11000"," ","2019-12-15 00:00:00.0","3156.82612931","326.74798584"
"53192","11000UQ171PS201912150091","UQQ900"," "," ","UQQ900","11000EZZ000000001711"," ","개발행위허가제한지역","11000"," ","2019-12-15 00:00:00.0","1575.71135539","166.44799805"
"53191","11000UQ171PS201912150090","UQQ900"," "," ","UQQ900","11000EZZ000000001711"," ","개발행위허가제한지역","11000"," ","2019-12-15 00:00:00.0","1639.46606119","180.64799500"
"53190","11000UQ171PS201912150089","UQQ900"," "," ","UQQ900","11000EZZ201007051987","11000NTC201005134922","개발행위허가제한지역","11000"," ","2019-12-15 00:00:00.0","14609.40157340","548.06402588"
"53189","11000UQ171PS201912150088","UQQ900"," "," ","UQQ900","11000EZZ201110042035","11000NTC201110056257","행위제한지역","11000"," ","2019-12-15 00:00:00.0","71353.69267040","1199.01000977"
"53188","11000UQ171PS201912150087","UQQ900"," "," ","UQQ900","11000EZZ200812121737","11000NTC200810162271","개발행위허가제한지역","11000"," ","2019-12-15 00:00:00.0","23394.62285070","933.72802734"
"53187","11000UQ171PS201912150086","UQQ900"," "," ","UQQ900","11000EZZ201005191958","11000NTC201005134922","개발행위허가제한지역","11000"," ","2019-12-15 00:00:00.0","24047.89484600","724.74102783"
"53186","11000UQ171PS201912150085","UQQ900"," "," ","UQQ900","11000EZZ000000001711"," ","개발행위허가제한지역","11000"," ","2019-12-15 00:00:00.0","517.13155400","94.53019714"
"53185","11000UQ171PS201912150084","UQQ900"," "," ","UQQ900","11000EZZ200912181900","11000NTC200912174264","개발행위허가제한지역","11000"," ","2019-12-15 00:00:00.0","20688.27542220","638.60699463"
"52896","11000UQ171PS201912150083","UQQ900"," "," ","UQQ900","11000EZZ000000001711"," ","개발행위허가제한지역","11000"," ","2019-12-15 00:00:00.0","541.91591715","106.90200043"
"52895","11000UQ171PS201912150082","UQQ900"," "," ","UQQ900","11000EZZ201010072004","11000NTC201008125276","개발행위허가제한지역","11000"," ","2019-12-15 00:00:00.0","19114.21497380","838.26300049"
"52894","11000UQ171PS201912150081","UQQ900"," "," ","UQQ900","11000EZZ000000001711"," ","개발행위허가제한지역","11000"," ","2019-12-15 00:00:00.0","12121.58089210","560.77001953"
"52893","11000UQ171PS201912150080","UQQ900"," "," ","UQQ900","11000EZZ000000001711"," ","개발행위허가제한지역","11000"," ","2019-12-15 00:00:00.0","5712.60327819","537.65997314"